1,"test","2015-01-01 01:51:07","2015-01-01 01:51:07",NULL
2,"tagimportant","2015-01-01 01:51:07","2015-01-01 01:51:07",NULL
3,"weddingtips","2015-01-03 03:01:45","2015-01-03 03:01:45",NULL
4,"bridal","2015-01-03 06:15:35","2015-01-03 06:15:35",NULL
5,"christmas","2015-01-06 10:55:51","2015-01-06 10:55:51",NULL
6,"Relationship Article","2015-01-07 05:11:19","2015-01-07 05:11:19",NULL
7,"Relationship Tips","2015-01-07 05:11:19","2015-01-07 05:11:19",NULL
8,"Winter Wedding","2015-01-07 05:51:44","2015-01-07 05:51:44",NULL
9,"Real Wedding","2015-01-07 05:51:44","2015-01-07 05:51:44",NULL
10,"Elegant Wedding","2015-01-07 05:51:44","2015-01-07 05:51:44",NULL
11,"Classy Wedding","2015-01-07 05:51:44","2015-01-07 05:51:44",NULL
12,"Winter Prewedding","2015-01-07 05:53:46","2015-01-07 05:53:46",NULL
13,"Winter Wedding Decoration","2015-01-07 05:54:41","2015-01-07 05:54:41",NULL
14,"Bali Wedding","2015-01-07 05:55:35","2015-01-07 05:55:35",NULL
15,"Featured Vendors","2015-01-07 05:56:23","2015-01-07 05:56:23",NULL
16,"Beach Wedding","2015-01-07 05:56:23","2015-01-07 05:56:23",NULL
17,"Romantic Wedding","2015-01-07 05:57:39","2015-01-07 05:57:39",NULL
18,"Italian Wedding","2015-01-07 05:57:39","2015-01-07 05:57:39",NULL
19,"Autumn Wedding","2015-01-07 05:58:38","2015-01-07 05:58:38",NULL
20,"Autumn Wedding Decoration","2015-01-07 05:58:38","2015-01-07 05:58:38",NULL
21,"Korean Wedding","2015-01-07 06:00:11","2015-01-07 06:00:11",NULL
26,"Wedding Shoes","2015-01-07 06:01:54","2015-01-07 06:01:54",NULL
27,"Wedding Tips","2015-01-07 06:01:54","2015-01-07 06:01:54",NULL
28,"Casual Wedding","2015-01-08 06:46:47","2015-01-08 06:46:47",NULL
29,"Sydney PreWedding","2015-01-08 06:56:44","2015-01-08 06:56:44",NULL
30,"Summer PreWedding","2015-01-08 06:56:44","2015-01-08 06:56:44",NULL
31,"PreWedding Shots ","2015-01-08 06:56:44","2015-01-08 06:56:44",NULL
32,"PreWedding with Pets","2015-01-08 07:04:00","2015-01-08 07:04:00",NULL
33,"PreWedding with Dogs","2015-01-08 07:04:00","2015-01-08 07:04:00",NULL
34,"PreWedding with Cats","2015-01-08 07:04:00","2015-01-08 07:04:00",NULL
35,"Fun PreWedding Shots","2015-01-08 07:04:00","2015-01-08 07:04:00",NULL
36,"Wedding Dress","2015-01-08 08:11:55","2015-01-08 08:11:55",NULL
37,"Beautiful Wedding Dress Ideas","2015-01-08 08:11:55","2015-01-08 08:11:55",NULL
38,"Colored Wedding Dress","2015-01-08 08:11:55","2015-01-08 08:11:55",NULL
39,"Timeless Wedding","2015-01-08 08:29:13","2015-01-08 08:29:13",NULL
40,"Javanese Wedding","2015-01-08 09:19:57","2015-01-08 09:19:57",NULL
41,"Javanese Cultural Wedding","2015-01-08 09:19:57","2015-01-08 09:19:57",NULL
42,"Cultural Wedding","2015-01-08 09:19:57","2015-01-08 09:19:57",NULL
43,"Indonesian Wedding","2015-01-08 09:19:57","2015-01-08 09:19:57",NULL
44,"Outdoor Wedding","2015-01-08 09:19:57","2015-01-08 09:19:57",NULL
45,"Bridesmaid","2015-01-08 09:30:37","2015-01-08 09:30:37",NULL
46,"Choosing Bridesmaid","2015-01-08 09:30:37","2015-01-08 09:30:37",NULL
47,"Bridesmaid Dress","2015-01-08 09:30:37","2015-01-08 09:30:37",NULL
48,"Indoor Wedding","2015-01-08 09:44:06","2015-01-08 09:44:06",NULL
49,"Garden Party","2015-01-08 09:44:06","2015-01-08 09:44:06",NULL
50,"Summer Wedding","2015-01-08 09:44:06","2015-01-08 09:44:06",NULL
51,"Flower Wedding Decoration","2015-01-08 09:44:06","2015-01-08 09:44:06",NULL
52,"Simple Wedding","2015-01-08 10:33:32","2015-01-08 10:33:32",NULL
53,"White Wedding","2015-01-08 10:33:32","2015-01-08 10:33:32",NULL
54,"Shorthaired Bride","2015-01-08 10:38:32","2015-01-08 10:38:32",NULL
55,"Shorthair Wedding Ideas","2015-01-08 10:38:32","2015-01-08 10:38:32",NULL
56,"Relationship Resolution ","2015-01-09 03:40:51","2015-01-09 03:40:51",NULL
57,"Short Wedding Hairstyle","2015-01-13 06:55:07","2015-01-13 06:55:07",NULL
58,"Short Hairstyle","2015-01-13 06:55:07","2015-01-13 06:55:07",NULL
59,"Wedding Hairstyle","2015-01-13 06:55:07","2015-01-13 06:55:07",NULL
60,"Videography","2015-01-13 07:13:02","2015-01-13 07:13:02",NULL
61,"Wedding Videography","2015-01-13 07:13:03","2015-01-13 07:13:03",NULL
62,"Wedding Video","2015-01-13 07:13:03","2015-01-13 07:13:03",NULL
63,"Dress and Attire","2015-01-13 07:26:39","2015-01-13 07:26:39",NULL
64,"Evening Dress","2015-01-13 07:26:39","2015-01-13 07:26:39",NULL
65,"Evening Gown","2015-01-13 07:26:39","2015-01-13 07:26:39",NULL
66,"2015 Collections","2015-01-13 07:26:39","2015-01-13 07:26:39",NULL
67,"Wedding Flats","2015-01-13 07:39:56","2015-01-13 07:39:56",NULL
68,"Real Bali Wedding","2015-01-13 10:25:45","2015-01-13 10:25:45",NULL
69,"Flower Girls","2015-01-14 04:39:06","2015-01-14 04:39:06",NULL
70,"Ring Bearers","2015-01-14 04:39:06","2015-01-14 04:39:06",NULL
71,"Flower Girls Inspirations","2015-01-14 04:39:06","2015-01-14 04:39:06",NULL
72,"Ring Bearers Inspirations","2015-01-14 04:39:06","2015-01-14 04:39:06",NULL
73,"Flower Girls Dress","2015-01-14 04:39:06","2015-01-14 04:39:06",NULL
74,"Before Marriage","2015-01-14 07:21:05","2015-01-14 07:21:05",NULL
75,"Chinese Dress","2015-01-15 05:21:35","2015-01-15 05:21:35",NULL
76,"Chinese Wedding Dress","2015-01-15 05:21:35","2015-01-15 05:21:35",NULL
77,"Chinese Inspired Wedding Dress","2015-01-15 05:21:35","2015-01-15 05:21:35",NULL
78,"Japan PreWedding","2015-01-15 06:48:49","2015-01-15 06:48:49",NULL
79,"Tokyo PreWedding","2015-01-15 06:48:49","2015-01-15 06:48:49",NULL
80,"Wedding Make up Artist","2015-01-16 05:52:54","2015-01-16 05:52:54",NULL
81,"Natural Wedding Make up","2015-01-16 05:52:54","2015-01-16 05:52:54",NULL
82,"Make up for Wedding ","2015-01-16 05:52:54","2015-01-16 05:52:54",NULL
83,"VOTW","2015-01-20 04:05:21","2015-01-20 04:05:21",NULL
84,"Vendor of The Week","2015-01-20 04:05:21","2015-01-20 04:05:21",NULL
85,"nautical","2015-01-20 05:27:56","2015-01-20 05:27:56",NULL
86,"Thailand PreWedding","2015-01-20 05:27:56","2015-01-20 05:27:56",NULL
87,"Chinese Culture","2015-01-20 08:46:25","2015-01-20 08:46:25",NULL
88,"Chinese Cultural Wedding","2015-01-20 08:46:25","2015-01-20 08:46:25",NULL
89,"Chinese Tea Wedding Ceremony","2015-01-20 08:46:25","2015-01-20 08:46:25",NULL
90,"traditional wedding","2015-01-23 10:02:20","2015-01-23 10:02:20",NULL
91,"siraman","2015-01-23 10:02:20","2015-01-23 10:02:20",NULL
92,"minang wedding","2015-01-26 08:33:13","2015-01-26 08:33:13",NULL
93,"kebaya","2015-01-26 08:33:13","2015-01-26 08:33:13",NULL
94,"kebaya for wedding","2015-01-26 08:33:13","2015-01-26 08:33:13",NULL
95,"Wedding Ideas","2015-01-26 10:44:59","2015-01-26 10:44:59",NULL
96,"Wedding Budgets","2015-01-26 10:44:59","2015-01-26 10:44:59",NULL
97,"Shaving your budget","2015-01-26 10:46:48","2015-01-26 10:46:48",NULL
98,"Shaving your budget series","2015-01-26 10:46:48","2015-01-26 10:46:48",NULL
99,"flower crowns","2015-01-27 06:31:28","2015-01-27 06:31:28",NULL
100,"wedding crowns","2015-01-27 06:31:28","2015-01-27 06:31:28",NULL
101,"letter to myself","2015-01-27 06:49:31","2015-01-27 06:49:31",NULL
102,"single ladies","2015-01-27 06:49:31","2015-01-27 06:49:31",NULL
103,"Wedding decoration","2015-01-28 07:21:13","2015-01-28 07:21:13",NULL
104,"Saving your budget","2015-02-02 05:24:05","2015-02-02 05:24:05",NULL
105,"Hairstyle Ideas","2015-02-02 08:18:11","2015-02-02 08:18:11",NULL
106,"Beach Wedding Ideas","2015-02-02 08:18:11","2015-02-02 08:18:11",NULL
107,"Beach Hairstyle ","2015-02-02 08:18:11","2015-02-02 08:18:11",NULL
108,"Beach Wedding Hairstyle Ideas","2015-02-02 08:18:11","2015-02-02 08:18:11",NULL
109,"wedding decoration ideas","2015-02-03 06:13:06","2015-02-03 06:13:06",NULL
110,"wedding venue","2015-02-03 06:13:06","2015-02-03 06:13:06",NULL
112,"detik","2015-02-03 10:19:56","2015-02-03 10:19:56",NULL
113,"merried","2015-02-04 02:09:07","2015-02-04 02:09:07",NULL
114,"birthday","2015-02-04 03:11:56","2015-02-04 03:11:56",NULL
115,"season","2015-02-04 03:11:56","2015-02-04 03:11:56",NULL
116,"well","2015-02-04 06:37:46","2015-02-04 06:37:46",NULL
117,"heart","2015-02-04 08:29:50","2015-02-04 08:29:50",NULL
118,"nothing","2015-02-04 08:30:43","2015-02-04 08:30:43",NULL
119,"koaala","2015-02-05 03:24:02","2015-02-05 03:24:02",NULL
120,"Planning your budget","2015-02-05 08:24:59","2015-02-05 08:24:59",NULL
121,"Planning a wedding budget","2015-02-05 08:24:59","2015-02-05 08:24:59",NULL
122,"bali wedding venue","2015-02-11 04:38:37","2015-02-11 04:38:37",NULL
123,"Mulia Bali","2015-02-11 04:38:37","2015-02-11 04:38:37",NULL
124,"Mulia Resort","2015-02-11 04:38:37","2015-02-11 04:38:37",NULL
125,"Mulia Bali Venue","2015-02-11 04:38:37","2015-02-11 04:38:37",NULL
126,"melbourne prewedding","2015-02-11 08:58:43","2015-02-11 08:58:43",NULL
127,"Valentines Day","2015-02-12 08:41:13","2015-02-12 08:41:13",NULL
128,"What to wear on valentines day","2015-02-12 08:41:13","2015-02-12 08:41:13",NULL
129,"Fashion Blogger","2015-02-12 08:41:13","2015-02-12 08:41:13",NULL
130,"valentine article","2015-02-13 03:10:44","2015-02-13 03:10:44",NULL
131,"valentine date night","2015-02-13 03:10:44","2015-02-13 03:10:44",NULL
132,"valentine tips","2015-02-13 03:10:44","2015-02-13 03:10:44",NULL
133,"love and respect","2015-02-13 07:22:31","2015-02-13 07:22:31",NULL
134,"Shanghai Dress","2015-02-16 06:01:21","2015-02-16 06:01:21",NULL
135,"Qipao","2015-02-16 06:01:21","2015-02-16 06:01:21",NULL
136,"CheongSam","2015-02-16 06:01:21","2015-02-16 06:01:21",NULL
137,"Sissae Qipao","2015-02-16 06:01:21","2015-02-16 06:01:21",NULL
138,"Interview ","2015-02-16 06:01:21","2015-02-16 06:01:21",NULL
139,"Wedding Bouquet","2015-02-16 09:50:31","2015-02-16 09:50:31",NULL
140,"Chinese New Year","2015-02-16 10:12:18","2015-02-16 10:12:18",NULL
141,"Year of Goat","2015-02-16 10:12:18","2015-02-16 10:12:18",NULL
142,"Happy Chinese New Year","2015-02-16 10:12:18","2015-02-16 10:12:18",NULL
143,"Happy Lunar New Year","2015-02-16 10:12:18","2015-02-16 10:12:18",NULL
144,"Lunar New Year ","2015-02-16 10:12:18","2015-02-16 10:12:18",NULL
145,"jewelry","2015-02-17 05:07:13","2015-02-17 05:07:13",NULL
146,"wedding ring","2015-02-17 05:07:13","2015-02-17 05:07:13",NULL
147,"engagement ring","2015-02-17 05:07:13","2015-02-17 05:07:13",NULL
148,"why couples fight constantly","2015-02-18 06:34:04","2015-02-18 06:34:04",NULL
149,"how to solve problems in relationship","2015-02-18 06:34:04","2015-02-18 06:34:04",NULL
150,"French Wedding","2015-02-23 03:57:02","2015-02-23 03:57:02",NULL
151,"International Vendors","2015-02-23 03:57:02","2015-02-23 03:57:02",NULL
152,"International Wedding","2015-02-23 03:57:02","2015-02-23 03:57:02",NULL
153,"Chateau Wedding","2015-02-23 03:57:02","2015-02-23 03:57:02",NULL
154,"engagement session","2015-02-23 04:14:33","2015-02-23 04:14:33",NULL
155,"oscar 2015","2015-02-23 07:50:58","2015-02-23 07:50:58",NULL
156,"Red carpet","2015-02-23 07:50:58","2015-02-23 07:50:58",NULL
157,"Red carpet fashion","2015-02-23 07:50:58","2015-02-23 07:50:58",NULL
158,"koala","2015-02-24 06:27:17","2015-02-24 06:27:17",NULL
159,"bridesmaid lunch","2015-02-24 08:30:50","2015-02-24 08:30:50",NULL
160,"i love challenge","2015-03-04 04:08:32","2015-03-04 04:08:32",NULL
161,"notable wedding","2015-03-04 08:31:49","2015-03-04 08:31:49",NULL
162,"wedding photography","2015-03-05 10:10:51","2015-03-05 10:10:51",NULL
163,"ilovechallenge","2015-03-06 04:38:18","2015-03-06 04:38:18",NULL
164,"bridespiration","2015-03-10 10:13:59","2015-03-10 10:13:59",NULL
165,"Farm Wedding","2015-03-12 06:47:15","2015-03-12 06:47:15",NULL
166,"Vineyard Wedding","2015-03-12 06:47:16","2015-03-12 06:47:16",NULL
167,"Blue and yellow wedding","2015-03-12 06:47:16","2015-03-12 06:47:16",NULL
168,"wedding inspiration","2015-03-18 07:23:36","2015-03-18 07:23:36",NULL
169,"Ed Sheeran","2015-03-27 09:53:50","2015-03-27 09:53:50",NULL
170,"Surprise","2015-03-27 09:53:50","2015-03-27 09:53:50",NULL
171,"Surprise wedding","2015-03-27 09:53:50","2015-03-27 09:53:50",NULL
172,"Ed Sheeran Surprise","2015-03-27 09:53:50","2015-03-27 09:53:50",NULL
173,"Moving Video","2015-03-27 09:53:50","2015-03-27 09:53:50",NULL
174,"indian wedding","2015-03-30 07:50:19","2015-03-30 07:50:19",NULL
175,"indian cultural wedding","2015-03-30 07:50:19","2015-03-30 07:50:19",NULL
176,"hindu wedding","2015-03-30 07:50:19","2015-03-30 07:50:19",NULL
177,"multicultural wedding","2015-03-30 07:50:19","2015-03-30 07:50:19",NULL
178,"seaside wedding","2015-04-01 03:26:35","2015-04-01 03:26:35",NULL
179,"germany","2015-04-01 03:26:35","2015-04-01 03:26:35",NULL
180,"persian wedding","2015-04-01 03:26:35","2015-04-01 03:26:35",NULL
181,"wedding cake","2015-04-01 03:26:35","2015-04-01 03:26:35",NULL
182,"champagne","2015-04-01 03:26:35","2015-04-01 03:26:35",NULL
183,"coastal","2015-04-01 03:26:35","2015-04-01 03:26:35",NULL
184,"gold wedding ring","2015-04-01 03:26:35","2015-04-01 03:26:35",NULL
185,"first dance","2015-04-01 03:26:35","2015-04-01 03:26:35",NULL
186,"german wedding","2015-04-01 03:26:35","2015-04-01 03:26:35",NULL
187,"church wedding","2015-04-01 03:26:35","2015-04-01 03:26:35",NULL
188,"soft colors","2015-04-01 03:26:35","2015-04-01 03:26:35",NULL
189,"sofreh aghd","2015-04-01 03:26:35","2015-04-01 03:26:35",NULL
190,"baltic sea","2015-04-01 03:26:35","2015-04-01 03:26:35",NULL
191,"Weissenhaus Grand Village","2015-04-01 03:26:35","2015-04-01 03:26:35",NULL
192,"finance","2015-04-01 03:32:21","2015-04-01 03:32:21",NULL
193,"financial plan","2015-04-01 03:32:21","2015-04-01 03:32:21",NULL
194,"wedding plan","2015-04-01 03:32:21","2015-04-01 03:32:21",NULL
195,"wedding planning","2015-04-01 03:32:21","2015-04-01 03:32:21",NULL
196,"hawaii wedding","2015-04-01 03:37:40","2015-04-01 03:37:40",NULL
197,"haiku mill maui","2015-04-01 03:37:40","2015-04-01 03:37:40",NULL
198,"jimmy choo","2015-04-01 03:37:40","2015-04-01 03:37:40",NULL
199,"polaroid","2015-04-01 03:37:40","2015-04-01 03:37:40",NULL
200,"vera wang","2015-04-01 03:37:40","2015-04-01 03:37:40",NULL
201,"dolce  gabbana","2015-04-01 03:37:40","2015-04-01 03:37:40",NULL
202,"veil","2015-04-01 03:37:40","2015-04-01 03:37:40",NULL
203,"tiffany chairs","2015-04-01 03:37:40","2015-04-01 03:37:40",NULL
204,"sequin dress","2015-04-01 03:39:16","2015-04-01 03:39:16",NULL
205,"gold dress","2015-04-01 03:39:16","2015-04-01 03:39:16",NULL
206,"silver dress","2015-04-01 03:39:16","2015-04-01 03:39:16",NULL
207,"rose gold dress","2015-04-01 03:39:16","2015-04-01 03:39:16",NULL
208,"embellished dress","2015-04-01 03:39:16","2015-04-01 03:39:16",NULL
209,"bollywood","2015-04-01 03:40:06","2015-04-01 03:40:06",NULL
210,"sari","2015-04-01 03:40:06","2015-04-01 03:40:06",NULL
211,"lehenga","2015-04-01 03:40:06","2015-04-01 03:40:06",NULL
212,"mehndi","2015-04-01 03:40:06","2015-04-01 03:40:06",NULL
213,"red sari","2015-04-01 03:40:06","2015-04-01 03:40:06",NULL
214,"wedding sari","2015-04-01 03:40:06","2015-04-01 03:40:06",NULL
215,"wedding lehenga","2015-04-01 03:40:06","2015-04-01 03:40:06",NULL
216,"ayana resort bali","2015-04-01 03:40:32","2015-04-01 03:40:32",NULL
217,"axioo ","2015-04-01 03:40:32","2015-04-01 03:40:32",NULL
218,"rustic wedding","2015-04-01 03:42:15","2015-04-01 03:42:15",NULL
219,"barnyard wedding","2015-04-01 03:42:15","2015-04-01 03:42:15",NULL
220,"barn","2015-04-01 03:42:15","2015-04-01 03:42:15",NULL
221,"new york","2015-04-01 03:42:15","2015-04-01 03:42:15",NULL
222,"new york wedding","2015-04-01 03:42:15","2015-04-01 03:42:15",NULL
223,"ombre dress","2015-04-01 03:43:22","2015-04-01 03:43:22",NULL
224,"acoustic performance","2015-04-01 03:44:22","2015-04-01 03:44:22",NULL
225,"modern couple","2015-04-01 03:45:51","2015-04-01 03:45:51",NULL
226,"wedding nails","2015-04-01 03:47:46","2015-04-01 03:47:46",NULL
227,"wedding manicure","2015-04-01 03:47:46","2015-04-01 03:47:46",NULL
228,"french manicure","2015-04-01 03:47:46","2015-04-01 03:47:46",NULL
229,"metallic nails","2015-04-01 03:47:46","2015-04-01 03:47:46",NULL
230,"red manicure","2015-04-01 03:47:46","2015-04-01 03:47:46",NULL
231,"hair  beauty","2015-04-01 03:47:46","2015-04-01 03:47:46",NULL
232,"glitter","2015-04-01 03:47:46","2015-04-01 03:47:46",NULL
233,"sally hansen","2015-04-01 03:47:46","2015-04-01 03:47:46",NULL
234,"OPI","2015-04-01 03:47:46","2015-04-01 03:47:46",NULL
235,"Shu Uemura","2015-04-01 03:47:46","2015-04-01 03:47:46",NULL
236,"essie","2015-04-01 03:47:46","2015-04-01 03:47:46",NULL
237,"china glaze","2015-04-01 03:47:46","2015-04-01 03:47:46",NULL
238,"french tips","2015-04-01 03:47:46","2015-04-01 03:47:46",NULL
239,"pink","2015-04-01 03:47:46","2015-04-01 03:47:46",NULL
240,"gold","2015-04-01 03:47:46","2015-04-01 03:47:46",NULL
241,"decoration  lighting","2015-04-01 03:49:03","2015-04-01 03:49:03",NULL
242,"flowers","2015-04-01 03:49:03","2015-04-01 03:49:03",NULL
243,"dress  attire","2015-04-01 03:49:03","2015-04-01 03:49:03",NULL
244,"venue","2015-04-01 03:49:03","2015-04-01 03:49:03",NULL
245,"photography","2015-04-01 03:49:03","2015-04-01 03:49:03",NULL
246,"coastal wedding","2015-04-01 03:50:40","2015-04-01 03:50:40",NULL
247,"german","2015-04-01 03:50:40","2015-04-01 03:50:40",NULL
248,"catering","2015-04-01 03:50:40","2015-04-01 03:50:40",NULL
249,"animals","2015-04-01 03:53:53","2015-04-01 03:53:53",NULL
250,"safari","2015-04-01 03:53:53","2015-04-01 03:53:53",NULL
251,"jungle","2015-04-01 03:53:53","2015-04-01 03:53:53",NULL
252,"forest","2015-04-01 03:53:53","2015-04-01 03:53:53",NULL
253,"yacht","2015-04-01 03:53:53","2015-04-01 03:53:53",NULL
254,"sailing","2015-04-01 03:53:53","2015-04-01 03:53:53",NULL
255,"white dress","2015-04-01 03:53:53","2015-04-01 03:53:53",NULL
256,"event rentals","2015-04-01 03:53:53","2015-04-01 03:53:53",NULL
257,"zoo","2015-04-01 03:53:53","2015-04-01 03:53:53",NULL
258,"sea","2015-04-01 03:53:53","2015-04-01 03:53:53",NULL
259,"entertainment music","2015-04-01 03:54:56","2015-04-01 03:54:56",NULL
260,"hair  makeup","2015-04-01 03:54:56","2015-04-01 03:54:56",NULL
261,"pinterest","2015-04-01 03:56:16","2015-04-01 03:56:16",NULL
262,"manicure ideas","2015-04-01 03:56:16","2015-04-01 03:56:16",NULL
263,"nail ideas","2015-04-01 03:56:16","2015-04-01 03:56:16",NULL
264,"bridal nails","2015-04-01 03:56:16","2015-04-01 03:56:16",NULL
265,"bridal manicure","2015-04-01 03:56:16","2015-04-01 03:56:16",NULL
266,"manicure inspiration","2015-04-01 03:56:16","2015-04-01 03:56:16",NULL
267,"nails inspiration","2015-04-01 03:56:16","2015-04-01 03:56:16",NULL
268,"wedding nails inspiration","2015-04-01 03:56:16","2015-04-01 03:56:16",NULL
269,"long hair","2015-04-01 03:58:29","2015-04-01 03:58:29",NULL
270,"purple bridesmaid dress","2015-04-01 03:58:29","2015-04-01 03:58:29",NULL
271,"white bouquet","2015-04-01 03:58:29","2015-04-01 03:58:29",NULL
272,"cap sleeve dress","2015-04-01 03:58:29","2015-04-01 03:58:29",NULL
273,"california wedding","2015-04-01 03:58:29","2015-04-01 03:58:29",NULL
274,"favors  gifts","2015-04-01 03:58:29","2015-04-01 03:58:29",NULL
275,"invitations","2015-04-01 03:59:35","2015-04-01 03:59:35",NULL
276,"laser cut invitations","2015-04-01 03:59:35","2015-04-01 03:59:35",NULL
277,"floral invitations","2015-04-01 03:59:35","2015-04-01 03:59:35",NULL
278,"invitation design","2015-04-01 03:59:35","2015-04-01 03:59:35",NULL
279,"wedding invitation","2015-04-01 03:59:35","2015-04-01 03:59:35",NULL
280,"vintage invitation","2015-04-01 03:59:35","2015-04-01 03:59:35",NULL
281,"rustic invitation","2015-04-01 03:59:35","2015-04-01 03:59:35",NULL
282,"valentino","2015-04-01 04:02:11","2015-04-01 04:02:11",NULL
283,"celebrity","2015-04-01 04:02:11","2015-04-01 04:02:11",NULL
284,"sophie hunter","2015-04-01 04:02:11","2015-04-01 04:02:11",NULL
285,"benedict cumberbatch","2015-04-01 04:02:11","2015-04-01 04:02:11",NULL
286,"sophie and benedict","2015-04-01 04:02:11","2015-04-01 04:02:11",NULL
287,"mrs cumberbatch","2015-04-01 04:02:11","2015-04-01 04:02:11",NULL
288,"sherlock","2015-04-01 04:02:11","2015-04-01 04:02:11",NULL
289,"dress inspiration","2015-04-01 04:02:11","2015-04-01 04:02:11",NULL
290,"annie leibovitz","2015-04-01 04:02:11","2015-04-01 04:02:11",NULL
291,"vogue","2015-04-01 04:02:11","2015-04-01 04:02:11",NULL
292,"pregnant bride","2015-04-01 04:02:11","2015-04-01 04:02:11",NULL
293," Maria Grazia Chiuri ","2015-04-01 04:02:11","2015-04-01 04:02:11",NULL
294,"Pierpaolo Piccioli","2015-04-01 04:02:11","2015-04-01 04:02:11",NULL
295,"selebriti hollywood","2015-04-01 04:02:11","2015-04-01 04:02:11",NULL
296,"baju selebriti hollywood","2015-04-01 04:02:11","2015-04-01 04:02:11",NULL
297,"baju pesta ","2015-04-01 04:02:11","2015-04-01 04:02:11",NULL
298,"wedding makeup","2015-04-01 04:02:53","2015-04-01 04:02:53",NULL
299,"new york city","2015-04-01 04:05:19","2015-04-01 04:05:19",NULL
300,"graffiti ","2015-04-01 04:05:19","2015-04-01 04:05:19",NULL
301,"murals","2015-04-01 04:05:19","2015-04-01 04:05:19",NULL
302,"street art","2015-04-01 04:05:19","2015-04-01 04:05:19",NULL
303,"couple","2015-04-01 04:05:19","2015-04-01 04:05:19",NULL
304,"romantic couple","2015-04-01 04:05:19","2015-04-01 04:05:19",NULL
305,"casual style","2015-04-01 04:05:19","2015-04-01 04:05:19",NULL
306,"celebrity wedding","2015-04-01 04:07:37","2015-04-01 04:07:37",NULL
307,"actress","2015-04-01 04:07:37","2015-04-01 04:07:37",NULL
308,"filipino","2015-04-01 04:07:37","2015-04-01 04:07:37",NULL
309,"heart evangelista","2015-04-01 04:07:37","2015-04-01 04:07:37",NULL
310,"chiz escudero","2015-04-01 04:07:37","2015-04-01 04:07:37",NULL
311,"island wedding","2015-04-01 04:07:37","2015-04-01 04:07:37",NULL
312,"grace kelly dress","2015-04-01 04:07:37","2015-04-01 04:07:37",NULL
313,"phillipines","2015-04-01 04:07:37","2015-04-01 04:07:37",NULL
314,"balesin island club","2015-04-01 04:07:37","2015-04-01 04:07:37",NULL
315,"wedding videographer","2015-04-01 04:07:37","2015-04-01 04:07:37",NULL
316,"famous","2015-04-01 04:07:37","2015-04-01 04:07:37",NULL
317,"purple dress","2015-04-01 04:29:00","2015-04-01 04:29:00",NULL
318,"mountain wedding","2015-04-01 04:29:00","2015-04-01 04:29:00",NULL
319,"log cabin","2015-04-01 04:29:00","2015-04-01 04:29:00",NULL
320,"ritz carlton","2015-04-01 04:29:00","2015-04-01 04:29:00",NULL
321,"colorado","2015-04-01 04:29:00","2015-04-01 04:29:00",NULL
322,"neiman marcus","2015-04-01 04:29:00","2015-04-01 04:29:00",NULL
323,"michael kors","2015-04-01 04:29:00","2015-04-01 04:29:00",NULL
324,"favors and gifts","2015-04-01 04:29:35","2015-04-01 04:29:35",NULL
325,"lavender","2015-04-01 04:32:07","2015-04-01 04:32:07",NULL
326,"lavender farm","2015-04-01 04:32:07","2015-04-01 04:32:07",NULL
327,"boho chic","2015-04-01 04:32:07","2015-04-01 04:32:07",NULL
328,"wedding music","2015-04-01 04:32:07","2015-04-01 04:32:07",NULL
329,"colorful decoration","2015-04-01 04:32:07","2015-04-01 04:32:07",NULL
330,"vivienne westwood for melissa","2015-04-01 04:32:07","2015-04-01 04:32:07",NULL
331,"sunflower","2015-04-01 04:32:07","2015-04-01 04:32:07",NULL
332,"guitar player","2015-04-01 04:32:07","2015-04-01 04:32:07",NULL
333,"singer","2015-04-01 04:32:07","2015-04-01 04:32:07",NULL
334,"wedding singer","2015-04-01 04:32:07","2015-04-01 04:32:07",NULL
335,"decoration","2015-04-01 04:33:41","2015-04-01 04:33:41",NULL
336,"mint","2015-04-01 04:33:41","2015-04-01 04:33:41",NULL
337,"pastel","2015-04-01 04:33:42","2015-04-01 04:33:42",NULL
338,"keyhole dress","2015-04-01 04:33:42","2015-04-01 04:33:42",NULL
339,"keyhole wedding dress","2015-04-01 04:33:42","2015-04-01 04:33:42",NULL
340,"sophia webster bridal","2015-04-01 04:35:31","2015-04-01 04:35:31",NULL
341,"sophia webster","2015-04-01 04:35:31","2015-04-01 04:35:31",NULL
342,"fun shoes","2015-04-01 04:35:31","2015-04-01 04:35:31",NULL
343,"fun clutch","2015-04-01 04:35:31","2015-04-01 04:35:31",NULL
344,"pink shoes","2015-04-01 04:35:31","2015-04-01 04:35:31",NULL
345,"jelly sandals","2015-04-01 04:35:31","2015-04-01 04:35:31",NULL
346,"beauty","2015-04-01 04:36:56","2015-04-01 04:36:56",NULL
347,"beautiful brides","2015-04-01 04:36:56","2015-04-01 04:36:56",NULL
348,"flawless makeup","2015-04-01 04:36:56","2015-04-01 04:36:56",NULL
349,"makeup artist","2015-04-01 04:36:56","2015-04-01 04:36:56",NULL
350,"hairstylist","2015-04-01 04:36:56","2015-04-01 04:36:56",NULL
351,"garden wedding","2015-04-01 04:38:55","2015-04-01 04:38:55",NULL
352,"pesta kebun","2015-04-01 04:38:55","2015-04-01 04:38:55",NULL
353,"colorful bouquet","2015-04-01 04:38:55","2015-04-01 04:38:55",NULL
354,"headpiece","2015-04-01 04:38:56","2015-04-01 04:38:56",NULL
355,"grecian dress","2015-04-01 04:38:56","2015-04-01 04:38:56",NULL
356,"bridesmaids","2015-04-01 04:38:56","2015-04-01 04:38:56",NULL
357,"bow tie","2015-04-01 04:38:56","2015-04-01 04:38:56",NULL
358,"betsey johnson","2015-04-01 04:38:56","2015-04-01 04:38:56",NULL
359,"j crew","2015-04-01 04:38:56","2015-04-01 04:38:56",NULL
360,"pittsburgh","2015-04-01 04:38:56","2015-04-01 04:38:56",NULL
361,"greece","2015-04-01 04:42:05","2015-04-01 04:42:05",NULL
362,"greek","2015-04-01 04:42:05","2015-04-01 04:42:05",NULL
363,"greek wedding","2015-04-01 04:42:05","2015-04-01 04:42:05",NULL
364,"stefana","2015-04-01 04:42:05","2015-04-01 04:42:05",NULL
365,"greek orthodox","2015-04-01 04:42:05","2015-04-01 04:42:05",NULL
366,"australia","2015-04-01 04:42:05","2015-04-01 04:42:05",NULL
367,"glamorous wedding","2015-04-01 04:42:05","2015-04-01 04:42:05",NULL
368,"firework","2015-04-01 04:42:05","2015-04-01 04:42:05",NULL
369,"ballgown","2015-04-01 04:42:05","2015-04-01 04:42:05",NULL
370,"ballgown wedding dress","2015-04-01 04:42:05","2015-04-01 04:42:05",NULL
371,"princess dress","2015-04-01 04:42:05","2015-04-01 04:42:05",NULL
372,"wedding updo","2015-04-01 04:42:05","2015-04-01 04:42:05",NULL
373,"bodice","2015-04-01 04:43:27","2015-04-01 04:43:27",NULL
374,"neckline","2015-04-01 04:43:27","2015-04-01 04:43:27",NULL
375,"sweetheart","2015-04-01 04:43:27","2015-04-01 04:43:27",NULL
376,"scoop","2015-04-01 04:43:27","2015-04-01 04:43:27",NULL
377,"v neck","2015-04-01 04:43:27","2015-04-01 04:43:27",NULL
378,"asymmetric","2015-04-01 04:43:27","2015-04-01 04:43:27",NULL
379,"strapless","2015-04-01 04:43:27","2015-04-01 04:43:27",NULL
380,"high collar","2015-04-01 04:43:27","2015-04-01 04:43:27",NULL
381,"bateu","2015-04-01 04:43:27","2015-04-01 04:43:27",NULL
382,"off shoulder","2015-04-01 04:43:27","2015-04-01 04:43:27",NULL
383,"spaghetti strap","2015-04-01 04:43:27","2015-04-01 04:43:27",NULL
384,"halter neck","2015-04-01 04:43:27","2015-04-01 04:43:27",NULL
385,"designer","2015-04-01 06:05:01","2015-04-01 06:05:01",NULL
386,"fashion designer","2015-04-01 06:05:01","2015-04-01 06:05:01",NULL
387,"indonesian designer","2015-04-01 06:05:01","2015-04-01 06:05:01",NULL
388,"sapto djojokartiko","2015-04-01 06:05:01","2015-04-01 06:05:01",NULL
389,"desainer indonesia","2015-04-01 06:05:01","2015-04-01 06:05:01",NULL
390,"Tea Rose Decoration","2015-04-01 07:56:21","2015-04-01 07:56:21",NULL
391,"batak","2015-04-01 10:00:57","2015-04-01 10:00:57",NULL
392,"adat batak","2015-04-01 10:00:57","2015-04-01 10:00:57",NULL
393,"pedang pora","2015-04-01 10:00:57","2015-04-01 10:00:57",NULL
394,"military wedding","2015-04-01 10:00:57","2015-04-01 10:00:57",NULL
395,"tradisional","2015-04-01 10:00:57","2015-04-01 10:00:57",NULL
396,"army","2015-04-01 10:00:57","2015-04-01 10:00:57",NULL
397,"hotel kempinski","2015-04-01 10:00:57","2015-04-01 10:00:57",NULL
398,"hotel kempinski wedding","2015-04-01 10:00:57","2015-04-01 10:00:57",NULL
399,"ballroom kempinski","2015-04-01 10:00:57","2015-04-01 10:00:57",NULL
400,"balai sudirman","2015-04-01 10:00:57","2015-04-01 10:00:57",NULL
401,"balai sudirman wedding","2015-04-01 10:00:57","2015-04-01 10:00:57",NULL
402,"anpa suha","2015-04-01 10:00:57","2015-04-01 10:00:57",NULL
403,"andien","2015-04-01 10:00:57","2015-04-01 10:00:57",NULL
404,"ulos","2015-04-01 10:00:57","2015-04-01 10:00:57",NULL
405,"mangulosi","2015-04-01 10:00:57","2015-04-01 10:00:57",NULL
406,"batak toba","2015-04-01 10:00:57","2015-04-01 10:00:57",NULL
407,"kebaya pengantin","2015-04-01 10:00:57","2015-04-01 10:00:57",NULL
408,"spring wedding","2015-04-02 04:45:42","2015-04-02 04:45:42",NULL
409,"floral dress","2015-04-02 04:45:42","2015-04-02 04:45:42",NULL
410,"floral bridesmaid dress","2015-04-02 04:45:42","2015-04-02 04:45:42",NULL
411,"colorful dress","2015-04-02 04:45:42","2015-04-02 04:45:42",NULL
412,"patterned dress","2015-04-02 04:45:42","2015-04-02 04:45:42",NULL
413,"motif bunga","2015-04-02 04:45:42","2015-04-02 04:45:42",NULL
414,"feminine","2015-04-02 04:45:42","2015-04-02 04:45:42",NULL
415,"flirty","2015-04-02 04:45:42","2015-04-02 04:45:42",NULL
416,"feminin","2015-04-02 04:45:42","2015-04-02 04:45:42",NULL
417,"cliffside wedding","2015-04-02 04:50:00","2015-04-02 04:50:00",NULL
418,"nature","2015-04-02 04:50:00","2015-04-02 04:50:00",NULL
419,"nature wedding","2015-04-02 04:50:00","2015-04-02 04:50:00",NULL
420,"wild flower bouquet","2015-04-02 04:50:00","2015-04-02 04:50:00",NULL
421,"flower bouquet","2015-04-02 04:50:00","2015-04-02 04:50:00",NULL
422,"long wavy hair","2015-04-02 04:50:00","2015-04-02 04:50:00",NULL
423,"bridal hair","2015-04-02 04:50:00","2015-04-02 04:50:00",NULL
424,"minimalist","2015-04-02 04:51:47","2015-04-02 04:51:47",NULL
425,"minimal","2015-04-02 04:51:47","2015-04-02 04:51:47",NULL
426,"minimalist wedding","2015-04-02 04:51:47","2015-04-02 04:51:47",NULL
427,"updo","2015-04-02 04:51:47","2015-04-02 04:51:47",NULL
428,"biracial wedding","2015-04-02 04:51:47","2015-04-02 04:51:47",NULL
429,"illinois","2015-04-02 04:51:47","2015-04-02 04:51:47",NULL
430,"triplet wedding","2015-04-02 06:37:29","2015-04-02 06:37:29",NULL
431,"brazillian triplets","2015-04-02 06:37:29","2015-04-02 06:37:29",NULL
432,"twins","2015-04-02 06:37:29","2015-04-02 06:37:29",NULL
433,"married on the same day","2015-04-02 06:37:29","2015-04-02 06:37:29",NULL
434,"same dress","2015-04-02 06:37:30","2015-04-02 06:37:30",NULL
435,"rafaela","2015-04-02 06:37:30","2015-04-02 06:37:30",NULL
436,"tagiane","2015-04-02 06:37:30","2015-04-02 06:37:30",NULL
437,"rochele","2015-04-02 06:37:30","2015-04-02 06:37:30",NULL
438,"diovane moraes","2015-04-02 06:37:30","2015-04-02 06:37:30",NULL
439,"unique wedding","2015-04-02 06:37:30","2015-04-02 06:37:30",NULL
440,"married couples","2015-04-02 07:30:40","2015-04-02 07:30:40",NULL
441,"long distance relationship","2015-04-02 07:30:40","2015-04-02 07:30:40",NULL
442,"LDR","2015-04-02 07:30:40","2015-04-02 07:30:40",NULL
443,"dating","2015-04-02 07:30:40","2015-04-02 07:30:40",NULL
444,"moving city","2015-04-02 07:30:40","2015-04-02 07:30:40",NULL
445,"santorini","2015-04-02 08:12:38","2015-04-02 08:12:38",NULL
446,"santorini wedding","2015-04-02 08:12:38","2015-04-02 08:12:38",NULL
447,"casadei","2015-04-02 08:12:38","2015-04-02 08:12:38",NULL
448,"chicago","2015-04-02 08:38:16","2015-04-02 08:38:16",NULL
449,"short wedding dress","2015-04-02 08:38:16","2015-04-02 08:38:16",NULL
450,"red lipstick","2015-04-02 08:38:16","2015-04-02 08:38:16",NULL
451,"city landscape","2015-04-02 08:38:16","2015-04-02 08:38:16",NULL
452,"cityscape","2015-04-02 08:38:16","2015-04-02 08:38:16",NULL
453,"communication","2015-04-06 03:04:33","2015-04-06 03:04:33",NULL
454,"how to communication","2015-04-06 03:04:33","2015-04-06 03:04:33",NULL
455,"spouse","2015-04-06 03:04:33","2015-04-06 03:04:33",NULL
456,"boyfriend","2015-04-06 03:04:33","2015-04-06 03:04:33",NULL
457,"girlfriend","2015-04-06 03:04:33","2015-04-06 03:04:33",NULL
458,"mertua","2015-04-06 04:31:34","2015-04-06 04:31:34",NULL
459,"in laws","2015-04-06 04:31:34","2015-04-06 04:31:34",NULL
460,"live with your in laws","2015-04-06 04:31:34","2015-04-06 04:31:34",NULL
461,"dos and donts","2015-04-06 04:31:34","2015-04-06 04:31:34",NULL
462,"jessica sadikin","2015-04-06 04:35:20","2015-04-06 04:35:20",NULL
463,"solok","2015-04-06 04:35:20","2015-04-06 04:35:20",NULL
464,"padang","2015-04-06 04:35:20","2015-04-06 04:35:20",NULL
465,"sunda","2015-04-06 04:35:20","2015-04-06 04:35:20",NULL
466,"siger","2015-04-06 04:35:20","2015-04-06 04:35:20",NULL
467,"keuangan","2015-04-06 07:39:28","2015-04-06 07:39:28",NULL
468,"tips keuangan","2015-04-06 07:39:28","2015-04-06 07:39:28",NULL
469,"financial tips","2015-04-06 07:39:28","2015-04-06 07:39:28",NULL
470,"money","2015-04-06 07:39:28","2015-04-06 07:39:28",NULL
471,"money and relationship","2015-04-06 07:39:28","2015-04-06 07:39:28",NULL
472,"masalah keuangan","2015-04-06 07:39:28","2015-04-06 07:39:28",NULL
473,"vintage wedding","2015-04-06 09:08:01","2015-04-06 09:08:01",NULL
474,"museum","2015-04-06 09:08:01","2015-04-06 09:08:01",NULL
475,"museum wedding","2015-04-06 09:08:01","2015-04-06 09:08:01",NULL
476,"colorado springs","2015-04-06 09:08:01","2015-04-06 09:08:01",NULL
477,"tea length wedding dress","2015-04-06 09:08:01","2015-04-06 09:08:01",NULL
478,"sapphire ring","2015-04-06 09:08:01","2015-04-06 09:08:01",NULL
479,"foto prewed","2015-04-07 03:45:39","2015-04-07 03:45:39",NULL
480,"italy","2015-04-07 03:45:39","2015-04-07 03:45:39",NULL
481,"lake Braies","2015-04-07 03:45:39","2015-04-07 03:45:39",NULL
482,"gorgeous view","2015-04-07 03:45:39","2015-04-07 03:45:39",NULL
483,"destination wedding","2015-04-07 03:45:39","2015-04-07 03:45:39",NULL
484,"bali resort","2015-04-07 09:59:58","2015-04-07 09:59:58",NULL
485,"honeymoon","2015-04-07 09:59:58","2015-04-07 09:59:58",NULL
486,"private villa","2015-04-07 09:59:58","2015-04-07 09:59:58",NULL
487,"tiffany blue","2015-04-07 10:02:00","2015-04-07 10:02:00",NULL
488,"mint wedding","2015-04-07 10:02:00","2015-04-07 10:02:00",NULL
489,"pastel wedding","2015-04-07 10:02:01","2015-04-07 10:02:01",NULL
490,"texas","2015-04-07 10:04:45","2015-04-07 10:04:45",NULL
491,"texas wedding","2015-04-07 10:04:45","2015-04-07 10:04:45",NULL
492,"le san michele","2015-04-07 10:04:45","2015-04-07 10:04:45",NULL
493,"blue wedding","2015-04-07 10:04:45","2015-04-07 10:04:45",NULL
494,"wedding tent","2015-04-07 10:04:45","2015-04-07 10:04:45",NULL
495,"burlap","2015-04-07 10:04:45","2015-04-07 10:04:45",NULL
496,"succulent","2015-04-07 10:04:45","2015-04-07 10:04:45",NULL
497,"succulent wedding","2015-04-07 10:04:45","2015-04-07 10:04:45",NULL
498,"gift and favor","2015-04-07 10:04:45","2015-04-07 10:04:45",NULL
499,"something borrowed","2015-04-07 10:06:06","2015-04-07 10:06:06",NULL
500,"something blue","2015-04-07 10:06:06","2015-04-07 10:06:06",NULL
501,"something old","2015-04-07 10:06:06","2015-04-07 10:06:06",NULL
502,"something new","2015-04-07 10:06:06","2015-04-07 10:06:06",NULL
503,"desain undangan","2015-04-08 07:03:21","2015-04-08 07:03:21",NULL
504,"undangan","2015-04-08 07:03:21","2015-04-08 07:03:21",NULL
505,"undangan pernikahan","2015-04-08 07:03:21","2015-04-08 07:03:21",NULL
506,"monogram invitation","2015-04-08 07:03:21","2015-04-08 07:03:21",NULL
507,"unique wedding invitation","2015-04-08 07:03:21","2015-04-08 07:03:21",NULL
508,"unique design","2015-04-08 07:03:21","2015-04-08 07:03:21",NULL
509,"hologram","2015-04-08 07:03:21","2015-04-08 07:03:21",NULL
510,"lace invitation","2015-04-08 07:03:21","2015-04-08 07:03:21",NULL
511,"lakeside","2015-04-08 08:57:51","2015-04-08 08:57:51",NULL
512,"lakeside wedding","2015-04-08 08:57:51","2015-04-08 08:57:51",NULL
513,"off shoulder dress","2015-04-08 08:57:51","2015-04-08 08:57:51",NULL
514,"balloons","2015-04-08 08:57:51","2015-04-08 08:57:51",NULL
515,"candlelight","2015-04-08 08:57:51","2015-04-08 08:57:51",NULL
516,"priorities","2015-04-08 09:37:39","2015-04-08 09:37:39",NULL
517,"relationship problem","2015-04-08 09:37:39","2015-04-08 09:37:39",NULL
518,"tuscany","2015-04-09 09:18:43","2015-04-09 09:18:43",NULL
519,"tuscan wedding","2015-04-09 09:18:43","2015-04-09 09:18:43",NULL
520,"al fresco","2015-04-09 09:18:43","2015-04-09 09:18:43",NULL
521,"grotto","2015-04-09 09:18:43","2015-04-09 09:18:43",NULL
522,"swedish","2015-04-09 09:18:43","2015-04-09 09:18:43",NULL
523,"wedding ceremony","2015-04-09 09:18:43","2015-04-09 09:18:43",NULL
524,"villa gamberaia","2015-04-09 09:18:43","2015-04-09 09:18:43",NULL
525,"stefano santucci","2015-04-09 09:18:43","2015-04-09 09:18:43",NULL
526,"long table","2015-04-09 09:18:43","2015-04-09 09:18:43",NULL
527,"reem acra","2015-04-10 04:50:34","2015-04-10 04:50:34",NULL
528,"designer dress","2015-04-10 04:50:34","2015-04-10 04:50:34",NULL
529,"symmetry","2015-04-10 04:50:34","2015-04-10 04:50:34",NULL
530,"style","2015-04-10 04:50:34","2015-04-10 04:50:34",NULL
531,"wedding style","2015-04-10 04:50:34","2015-04-10 04:50:34",NULL
532,"wedding gown","2015-04-10 04:50:34","2015-04-10 04:50:34",NULL
533,"embroidery","2015-04-10 04:50:34","2015-04-10 04:50:34",NULL
534,"pearl and crystal","2015-04-10 04:50:34","2015-04-10 04:50:34",NULL
535,"spring 2015","2015-04-10 04:50:34","2015-04-10 04:50:34",NULL
536,"spring 2015 trends","2015-04-10 04:50:34","2015-04-10 04:50:34",NULL
537,"wedding dress trends","2015-04-10 04:50:34","2015-04-10 04:50:34",NULL
538,"spring 2015 collection","2015-04-10 04:50:34","2015-04-10 04:50:34",NULL
539,"spring 2015 bridal collection","2015-04-10 04:50:34","2015-04-10 04:50:34",NULL
540,"fashion week","2015-04-10 04:50:34","2015-04-10 04:50:34",NULL
541,"bridal fashion week","2015-04-10 04:50:34","2015-04-10 04:50:34",NULL
542,"runway show","2015-04-10 04:50:34","2015-04-10 04:50:34",NULL
543,"fashion show","2015-04-10 04:50:34","2015-04-10 04:50:34",NULL
544,"lace wedding dress","2015-04-10 04:50:34","2015-04-10 04:50:34",NULL
545,"high fashion","2015-04-10 04:50:34","2015-04-10 04:50:34",NULL
546,"motherinlaw","2015-04-10 05:13:09","2015-04-10 05:13:09",NULL
547,"how to handle mother in law","2015-04-10 05:13:09","2015-04-10 05:13:09",NULL
548,"mothers","2015-04-10 05:13:09","2015-04-10 05:13:09",NULL
549,"mom problem","2015-04-10 05:13:10","2015-04-10 05:13:10",NULL
550,"relationship issue","2015-04-10 05:13:10","2015-04-10 05:13:10",NULL
551,"mom issue","2015-04-10 05:13:10","2015-04-10 05:13:10",NULL
552,"mother issue","2015-04-10 05:13:10","2015-04-10 05:13:10",NULL
553,"boutonniere","2015-04-10 05:17:56","2015-04-10 05:17:56",NULL
554,"non floral boutonniere","2015-04-10 05:17:56","2015-04-10 05:17:56",NULL
555,"groom","2015-04-10 05:17:56","2015-04-10 05:17:56",NULL
556,"groomsmen","2015-04-10 05:17:56","2015-04-10 05:17:56",NULL
557,"suit and tie","2015-04-10 05:17:56","2015-04-10 05:17:56",NULL
558,"groom style","2015-04-10 05:17:56","2015-04-10 05:17:56",NULL
559,"men wedding style","2015-04-10 05:17:56","2015-04-10 05:17:56",NULL
560,"diy wedding","2015-04-10 05:19:13","2015-04-10 05:19:13",NULL
561,"diy","2015-04-10 05:19:13","2015-04-10 05:19:13",NULL
562,"vinyl records","2015-04-10 05:19:13","2015-04-10 05:19:13",NULL
563,"rock n roll wedding","2015-04-10 05:19:13","2015-04-10 05:19:13",NULL
564,"wedding with a twist","2015-04-10 05:19:13","2015-04-10 05:19:13",NULL
565,"classic wedding","2015-04-10 05:19:13","2015-04-10 05:19:13",NULL
566,"all white","2015-04-10 05:19:13","2015-04-10 05:19:13",NULL
567,"brides in flats","2015-04-10 05:19:13","2015-04-10 05:19:13",NULL
568,"ponytail wedding hair","2015-04-10 05:19:13","2015-04-10 05:19:13",NULL
569,"ponytail","2015-04-10 05:19:13","2015-04-10 05:19:13",NULL
570,"ermenegildo zegna","2015-04-10 05:19:53","2015-04-10 05:19:53",NULL
571,"workout tips","2015-04-10 05:21:16","2015-04-10 05:21:16",NULL
572,"exercise tips","2015-04-10 05:21:16","2015-04-10 05:21:16",NULL
573,"couple exercise","2015-04-10 05:21:16","2015-04-10 05:21:16",NULL
574,"couple workout","2015-04-10 05:21:17","2015-04-10 05:21:17",NULL
575,"health  beauty","2015-04-10 05:21:17","2015-04-10 05:21:17",NULL
576,"quality time","2015-04-10 05:21:17","2015-04-10 05:21:17",NULL
577,"getting fit","2015-04-10 05:21:17","2015-04-10 05:21:17",NULL
578,"pre wedding workout","2015-04-10 05:21:17","2015-04-10 05:21:17",NULL
579,"competition","2015-04-10 09:51:58","2015-04-10 09:51:58",NULL
580,"precious you","2015-04-10 09:51:58","2015-04-10 09:51:58",NULL
581,"sebastian red","2015-04-10 09:51:58","2015-04-10 09:51:58",NULL
582,"sebastian gunawan","2015-04-10 09:51:58","2015-04-10 09:51:58",NULL
583,"rinaldy a yunardi","2015-04-10 09:51:58","2015-04-10 09:51:58",NULL
584,"ayana resort and spa","2015-04-10 09:51:58","2015-04-10 09:51:58",NULL
585,"lona makeup","2015-04-10 09:51:58","2015-04-10 09:51:58",NULL
586,"designmill co","2015-04-10 09:51:58","2015-04-10 09:51:58",NULL
587,"jumpsuit","2015-04-10 09:51:58","2015-04-10 09:51:58",NULL
588,"silk dress","2015-04-10 09:51:58","2015-04-10 09:51:58",NULL
589,"silk gown","2015-04-10 09:51:58","2015-04-10 09:51:58",NULL
590,"worst case scenario","2015-04-13 02:34:32","2015-04-13 02:34:32",NULL
591,"outdoor emergency","2015-04-13 02:34:32","2015-04-13 02:34:32",NULL
592,"outdoor wedding rain","2015-04-13 02:34:32","2015-04-13 02:34:32",NULL
593,"outdoor wedding bugs","2015-04-13 02:34:32","2015-04-13 02:34:32",NULL
594,"life after marriage","2015-04-13 03:30:14","2015-04-13 03:30:14",NULL
595,"keeping the flame alive","2015-04-13 03:30:14","2015-04-13 03:30:14",NULL
596,"romance","2015-04-13 03:30:14","2015-04-13 03:30:14",NULL
597,"how to be romantic","2015-04-13 03:30:14","2015-04-13 03:30:14",NULL
598,"investment","2015-04-13 04:29:10","2015-04-13 04:29:10",NULL
599,"marriage","2015-04-13 04:29:10","2015-04-13 04:29:10",NULL
600,"wealth","2015-04-13 04:29:10","2015-04-13 04:29:10",NULL
601,"diamonds","2015-04-13 07:46:12","2015-04-13 07:46:12",NULL
602,"diamond ring","2015-04-13 07:46:12","2015-04-13 07:46:12",NULL
603,"round shape","2015-04-13 07:46:12","2015-04-13 07:46:12",NULL
604,"princess cut","2015-04-13 07:46:12","2015-04-13 07:46:12",NULL
605,"marquise","2015-04-13 07:46:12","2015-04-13 07:46:12",NULL
606,"heart shape","2015-04-13 07:46:12","2015-04-13 07:46:12",NULL
607,"pear shape","2015-04-13 07:46:12","2015-04-13 07:46:12",NULL
608,"oval shape","2015-04-13 07:46:12","2015-04-13 07:46:12",NULL
609,"radiant shape","2015-04-13 07:46:12","2015-04-13 07:46:12",NULL
610,"emerald shape","2015-04-13 07:46:12","2015-04-13 07:46:12",NULL
611,"carat","2015-04-13 07:46:12","2015-04-13 07:46:12",NULL
612,"cut","2015-04-13 07:46:12","2015-04-13 07:46:12",NULL
613,"clarity","2015-04-13 07:46:12","2015-04-13 07:46:12",NULL
614,"4c","2015-04-13 07:46:12","2015-04-13 07:46:12",NULL
615,"rhinestones","2015-04-13 07:46:12","2015-04-13 07:46:12",NULL
616,"birthstone","2015-04-13 07:46:12","2015-04-13 07:46:12",NULL
617,"diamond","2015-04-13 07:46:12","2015-04-13 07:46:12",NULL
618,"adventurous","2015-04-13 07:46:12","2015-04-13 07:46:12",NULL
619,"personality","2015-04-13 07:46:12","2015-04-13 07:46:12",NULL
620,"mother in law","2015-04-13 08:00:15","2015-04-13 08:00:15",NULL
621,"father in law","2015-04-13 08:00:15","2015-04-13 08:00:15",NULL
622,"parents","2015-04-13 08:00:15","2015-04-13 08:00:15",NULL
623,"the in laws","2015-04-13 08:00:15","2015-04-13 08:00:15",NULL
624,"family","2015-04-13 08:00:15","2015-04-13 08:00:15",NULL
625,"family issue","2015-04-13 08:00:15","2015-04-13 08:00:15",NULL
626,"getting along","2015-04-13 08:00:15","2015-04-13 08:00:15",NULL
627,"intimate wedding","2015-04-13 09:41:37","2015-04-13 09:41:37",NULL
628,"small wedding","2015-04-13 09:41:37","2015-04-13 09:41:37",NULL
629,"purple color","2015-04-13 09:41:37","2015-04-13 09:41:37",NULL
630,"purple wedding","2015-04-13 09:41:37","2015-04-13 09:41:37",NULL
631,"english wedding","2015-04-13 10:40:41","2015-04-13 10:40:41",NULL
632,"british","2015-04-13 10:40:41","2015-04-13 10:40:41",NULL
633,"countryside","2015-04-13 10:40:41","2015-04-13 10:40:41",NULL
634,"pink flower","2015-04-13 10:40:41","2015-04-13 10:40:41",NULL
635,"strapless dress","2015-04-13 10:40:41","2015-04-13 10:40:41",NULL
636,"white and gold","2015-04-13 10:40:41","2015-04-13 10:40:41",NULL
637,"saint laurent","2015-04-13 10:40:41","2015-04-13 10:40:41",NULL
638,"royal","2015-04-14 04:39:29","2015-04-14 04:39:29",NULL
639,"royal wedding","2015-04-14 04:39:29","2015-04-14 04:39:29",NULL
640,"brunei","2015-04-14 04:39:29","2015-04-14 04:39:29",NULL
641,"ruby","2015-04-14 04:39:29","2015-04-14 04:39:29",NULL
642,"christian louboutin","2015-04-14 04:39:29","2015-04-14 04:39:29",NULL
643,"reuters","2015-04-14 04:39:29","2015-04-14 04:39:29",NULL
644,"jewels","2015-04-14 04:39:29","2015-04-14 04:39:29",NULL
645,"diamond bouquet","2015-04-14 04:39:29","2015-04-14 04:39:29",NULL
646,"palace","2015-04-14 04:39:29","2015-04-14 04:39:29",NULL
647,"royal palace","2015-04-14 04:39:29","2015-04-14 04:39:29",NULL
648,"prince abdul malik","2015-04-14 04:43:37","2015-04-14 04:43:37",NULL
649,"Dayangku Raabiatul Adawiyyah Pengiran Haji Bolkiah","2015-04-14 04:43:37","2015-04-14 04:43:37",NULL
650,"cake","2015-04-14 06:49:03","2015-04-14 06:49:03",NULL
651,"cupcake","2015-04-14 06:49:03","2015-04-14 06:49:03",NULL
652,"cakepop","2015-04-14 06:49:03","2015-04-14 06:49:03",NULL
653,"dessert corner","2015-04-14 06:49:03","2015-04-14 06:49:03",NULL
654,"icing","2015-04-14 06:52:08","2015-04-14 06:52:08",NULL
655,"food and beverage","2015-04-14 06:52:08","2015-04-14 06:52:08",NULL
656,"fondant icing","2015-04-14 06:52:08","2015-04-14 06:52:08",NULL
657,"customized","2015-04-14 06:52:08","2015-04-14 06:52:08",NULL
658,"macaroon","2015-04-14 06:52:08","2015-04-14 06:52:08",NULL
659,"layer","2015-04-14 06:52:08","2015-04-14 06:52:08",NULL
660,"maid of honor","2015-04-14 10:08:23","2015-04-14 10:08:23",NULL
661,"bridesmaid duty","2015-04-14 10:08:23","2015-04-14 10:08:23",NULL
662,"essential items","2015-04-14 10:08:23","2015-04-14 10:08:23",NULL
663,"packing list","2015-04-14 10:08:24","2015-04-14 10:08:24",NULL
664,"country fair","2015-04-14 10:26:16","2015-04-14 10:26:16",NULL
665,"backless dress","2015-04-14 10:26:16","2015-04-14 10:26:16",NULL
666,"arts and craft","2015-04-14 10:26:16","2015-04-14 10:26:16",NULL
667,"christian dior","2015-04-14 10:26:16","2015-04-14 10:26:16",NULL
668,"bigson alandro","2015-04-15 04:10:20","2015-04-15 04:10:20",NULL
669,"raffi gigi","2015-04-15 04:10:20","2015-04-15 04:10:20",NULL
670,"raffi nagita","2015-04-15 04:10:20","2015-04-15 04:10:20",NULL
671,"raffi ahmad nagita slavina","2015-04-15 04:10:20","2015-04-15 04:10:20",NULL
672,"renata kusmanto fachri albar","2015-04-15 04:10:20","2015-04-15 04:10:20",NULL
673,"wedding planner","2015-04-15 04:10:21","2015-04-15 04:10:21",NULL
674,"wedding organizer","2015-04-15 04:10:21","2015-04-15 04:10:21",NULL
675,"event organizer","2015-04-15 04:10:21","2015-04-15 04:10:21",NULL
676,"travel","2015-04-16 03:55:58","2015-04-16 03:55:58",NULL
677,"second honeymoon","2015-04-16 03:55:58","2015-04-16 03:55:58",NULL
678,"spice up your marriage","2015-04-16 03:55:58","2015-04-16 03:55:58",NULL
679,"take a break","2015-04-16 03:55:58","2015-04-16 03:55:58",NULL
680,"couple traveling","2015-04-16 03:55:58","2015-04-16 03:55:58",NULL
681,"sweet video","2015-04-16 03:57:20","2015-04-16 03:57:20",NULL
682,"big sur wedding","2015-04-16 03:57:20","2015-04-16 03:57:20",NULL
683,"big sur","2015-04-16 03:57:20","2015-04-16 03:57:20",NULL
684,"woodland ","2015-04-16 03:57:20","2015-04-16 03:57:20",NULL
685,"woodland wedding","2015-04-16 03:57:20","2015-04-16 03:57:20",NULL
686,"romantic video","2015-04-16 03:57:20","2015-04-16 03:57:20",NULL
687,"rustic vintage","2015-04-16 04:10:15","2015-04-16 04:10:15",NULL
688,"portland","2015-04-16 04:10:15","2015-04-16 04:10:15",NULL
689,"burgundy","2015-04-16 04:10:15","2015-04-16 04:10:15",NULL
690,"chalkboard","2015-04-16 04:10:15","2015-04-16 04:10:15",NULL
691,"red door","2015-04-16 04:10:15","2015-04-16 04:10:15",NULL
692,"simple invitation","2015-04-16 04:10:15","2015-04-16 04:10:15",NULL
693,"jewel tone","2015-04-16 04:10:15","2015-04-16 04:10:15",NULL
694,"fall wedding","2015-04-16 04:10:15","2015-04-16 04:10:15",NULL
695,"gazebo","2015-04-16 04:13:30","2015-04-16 04:13:30",NULL
696,"white navy gold","2015-04-16 04:13:30","2015-04-16 04:13:30",NULL
697,"navy and gold","2015-04-16 04:13:30","2015-04-16 04:13:30",NULL
698,"washington","2015-04-16 04:13:30","2015-04-16 04:13:30",NULL
699,"touch of gold","2015-04-16 04:13:30","2015-04-16 04:13:30",NULL
700,"lace dress","2015-04-16 04:13:30","2015-04-16 04:13:30",NULL
701,"burgundy dress","2015-04-16 05:57:56","2015-04-16 05:57:56",NULL
702,"villa wedding","2015-04-16 05:57:56","2015-04-16 05:57:56",NULL
703,"tuscan villa","2015-04-16 05:57:56","2015-04-16 05:57:56",NULL
704,"jakarta","2015-04-16 07:01:25","2015-04-16 07:01:25",NULL
705,"bali prewedding","2015-04-16 07:01:26","2015-04-16 07:01:26",NULL
706,"wedding party","2015-04-16 07:05:43","2015-04-16 07:05:43",NULL
707,"resepsi","2015-04-16 07:05:43","2015-04-16 07:05:43",NULL
708,"pemberkatan","2015-04-16 07:05:43","2015-04-16 07:05:43",NULL
709,"batam","2015-04-16 07:05:43","2015-04-16 07:05:43",NULL
710,"playlist","2015-04-16 11:10:45","2015-04-16 11:10:45",NULL
711,"wedding song","2015-04-16 11:10:45","2015-04-16 11:10:45",NULL
712,"wedding songs","2015-04-16 11:10:45","2015-04-16 11:10:45",NULL
713,"wedding playlist","2015-04-16 11:10:45","2015-04-16 11:10:45",NULL
714,"music","2015-04-16 11:10:45","2015-04-16 11:10:45",NULL
715,"jazz","2015-04-16 11:10:45","2015-04-16 11:10:45",NULL
716,"jazz playlist","2015-04-16 11:10:45","2015-04-16 11:10:45",NULL
717,"jazz songs","2015-04-16 11:10:45","2015-04-16 11:10:45",NULL
718,"nail polish","2015-04-17 08:20:24","2015-04-17 08:20:24",NULL
719,"manikur","2015-04-17 08:20:24","2015-04-17 08:20:24",NULL
720,"bouquet","2015-04-17 08:20:24","2015-04-17 08:20:24",NULL
721,"peonies","2015-04-17 08:20:24","2015-04-17 08:20:24",NULL
722,"roses","2015-04-17 08:20:24","2015-04-17 08:20:24",NULL
723,"wildflowers","2015-04-17 08:20:24","2015-04-17 08:20:24",NULL
724,"daisy","2015-04-17 08:20:24","2015-04-17 08:20:24",NULL
725,"calla lily","2015-04-17 08:20:24","2015-04-17 08:20:24",NULL
726,"calla lilies","2015-04-17 08:20:24","2015-04-17 08:20:24",NULL
727,"unique flower","2015-04-17 08:20:24","2015-04-17 08:20:24",NULL
728,"unique bouquet","2015-04-17 08:20:24","2015-04-17 08:20:24",NULL
729,"simple bouquet","2015-04-17 08:20:24","2015-04-17 08:20:24",NULL
730,"bunga","2015-04-17 08:20:24","2015-04-17 08:20:24",NULL
731,"buket","2015-04-17 08:20:24","2015-04-17 08:20:24",NULL
732,"buket pengantin","2015-04-17 08:20:24","2015-04-17 08:20:24",NULL
733,"bridal collection","2015-04-17 08:20:24","2015-04-17 08:20:24",NULL
734,"essie 2015 bridal collection","2015-04-17 08:20:24","2015-04-17 08:20:24",NULL
735,"challenge","2015-04-17 08:56:21","2015-04-17 08:56:21",NULL
736,"foto prewed chelsea glenn","2015-04-17 08:57:47","2015-04-17 08:57:47",NULL
737,"diera bachir","2015-04-17 08:57:47","2015-04-17 08:57:47",NULL
738,"glenn alinskie","2015-04-17 08:57:47","2015-04-17 08:57:47",NULL
739,"chelsea olivia","2015-04-17 08:57:47","2015-04-17 08:57:47",NULL
740,"pasangan selebriti","2015-04-17 08:57:47","2015-04-17 08:57:47",NULL
741,"glenn chelsea","2015-04-17 08:57:47","2015-04-17 08:57:47",NULL
742,"celebrity engagement ring","2015-04-20 06:53:20","2015-04-20 06:53:20",NULL
743,"lady gaga","2015-04-20 06:53:20","2015-04-20 06:53:20",NULL
744,"nicki minaj","2015-04-20 06:53:20","2015-04-20 06:53:20",NULL
745,"kim kardashian","2015-04-20 06:53:20","2015-04-20 06:53:20",NULL
746,"lauren conrad","2015-04-20 06:53:20","2015-04-20 06:53:20",NULL
747,"kelly osbourne","2015-04-20 06:53:20","2015-04-20 06:53:20",NULL
748,"christina aguilera","2015-04-20 06:53:20","2015-04-20 06:53:20",NULL
749,"teresa palmer","2015-04-20 06:53:20","2015-04-20 06:53:20",NULL
750,"ashley tisdale","2015-04-20 06:53:20","2015-04-20 06:53:20",NULL
751,"lorraine schwartz","2015-04-20 06:53:20","2015-04-20 06:53:20",NULL
752,"cincin berlian","2015-04-20 06:53:20","2015-04-20 06:53:20",NULL
753,"budget","2015-04-20 07:26:34","2015-04-20 07:26:34",NULL
754,"paes","2015-04-20 10:18:22","2015-04-20 10:18:22",NULL
755,"sunting","2015-04-20 10:18:22","2015-04-20 10:18:22",NULL
756,"jawa","2015-04-20 10:18:22","2015-04-20 10:18:22",NULL
757,"marlene hariman","2015-04-20 10:18:22","2015-04-20 10:18:22",NULL
758,"QA","2015-04-20 10:18:22","2015-04-20 10:18:22",NULL
759,"tata rias","2015-04-20 10:18:22","2015-04-20 10:18:22",NULL
760,"penata rias","2015-04-20 10:18:22","2015-04-20 10:18:22",NULL
761,"adat sunda","2015-04-20 10:18:22","2015-04-20 10:18:22",NULL
762,"paes ageng","2015-04-20 10:18:22","2015-04-20 10:18:22",NULL
763,"tea party","2015-04-21 02:56:14","2015-04-21 02:56:14",NULL
764,"shabby chic","2015-04-21 02:56:14","2015-04-21 02:56:14",NULL
765,"birdcage","2015-04-21 02:56:14","2015-04-21 02:56:14",NULL
766,"kids","2015-04-21 07:21:37","2015-04-21 07:21:37",NULL
767,"children","2015-04-21 07:21:37","2015-04-21 07:21:37",NULL
768,"baby","2015-04-21 07:21:37","2015-04-21 07:21:37",NULL
769,"parenting","2015-04-21 07:21:37","2015-04-21 07:21:37",NULL
770,"saving money","2015-04-21 07:24:19","2015-04-21 07:24:19",NULL
771,"arguing","2015-04-21 07:29:52","2015-04-21 07:29:52",NULL
772,"compromise","2015-04-21 07:29:52","2015-04-21 07:29:52",NULL
773,"problem","2015-04-21 07:29:52","2015-04-21 07:29:52",NULL
774,"argument","2015-04-21 07:29:52","2015-04-21 07:29:52",NULL
775,"great gatsby","2015-04-21 09:07:00","2015-04-21 09:07:00",NULL
776,"reception","2015-04-21 09:07:00","2015-04-21 09:07:00",NULL
777,"wedding flowers","2015-04-21 09:07:00","2015-04-21 09:07:00",NULL
778,"wedding dancers","2015-04-21 09:07:00","2015-04-21 09:07:00",NULL
779,"great gatsby wedding","2015-04-21 09:07:00","2015-04-21 09:07:00",NULL
780,"great gatsby party","2015-04-21 09:07:00","2015-04-21 09:07:00",NULL
781,"pastel color bridesmaid dresses","2015-04-21 09:07:00","2015-04-21 09:07:00",NULL
782,"dress rental","2015-04-22 03:21:33","2015-04-22 03:21:33",NULL
783,"wedding dress rental","2015-04-22 03:21:33","2015-04-22 03:21:33",NULL
784,"rental wedding dress","2015-04-22 03:21:33","2015-04-22 03:21:33",NULL
785,"san francisco","2015-04-22 06:16:25","2015-04-22 06:16:25",NULL
786,"white lace dress","2015-04-22 06:16:26","2015-04-22 06:16:26",NULL
787,"blue tuxedo","2015-04-22 06:16:26","2015-04-22 06:16:26",NULL
788,"half updo","2015-04-22 06:16:26","2015-04-22 06:16:26",NULL
789,"red flowers","2015-04-22 06:16:26","2015-04-22 06:16:26",NULL
790,"wedding bar","2015-04-22 06:16:26","2015-04-22 06:16:26",NULL
791,"motel mexicola","2015-04-22 06:26:49","2015-04-22 06:26:49",NULL
792,"colorful wedding","2015-04-22 06:26:49","2015-04-22 06:26:49",NULL
793,"festive","2015-04-22 06:26:49","2015-04-22 06:26:49",NULL
794,"fiesta","2015-04-22 06:26:49","2015-04-22 06:26:49",NULL
795,"mexico","2015-04-22 06:26:49","2015-04-22 06:26:49",NULL
796,"mexican","2015-04-22 06:26:49","2015-04-22 06:26:49",NULL
797,"party","2015-04-22 06:26:49","2015-04-22 06:26:49",NULL
798,"mexican food","2015-04-22 06:26:49","2015-04-22 06:26:49",NULL
799,"leather dress","2015-04-22 08:27:16","2015-04-22 08:27:16",NULL
800,"fringe","2015-04-22 08:27:16","2015-04-22 08:27:16",NULL
801,"edgy dress","2015-04-22 08:27:16","2015-04-22 08:27:16",NULL
802,"hayley paige","2015-04-22 08:27:16","2015-04-22 08:27:16",NULL
803,"lazaro","2015-04-22 09:03:29","2015-04-22 09:03:29",NULL
804,"beads","2015-04-22 09:03:29","2015-04-22 09:03:29",NULL
805,"crystal","2015-04-22 09:03:29","2015-04-22 09:03:29",NULL
806,"jeweler","2015-04-22 10:18:30","2015-04-22 10:18:30",NULL
807,"jewelry store","2015-04-22 10:18:30","2015-04-22 10:18:30",NULL
808,"online store","2015-04-22 10:18:30","2015-04-22 10:18:30",NULL
809,"personalized ","2015-04-22 10:46:58","2015-04-22 10:46:58",NULL
810,"custom","2015-04-22 10:46:58","2015-04-22 10:46:58",NULL
811,"monograms","2015-04-22 10:46:58","2015-04-22 10:46:58",NULL
812,"initials","2015-04-22 10:46:58","2015-04-22 10:46:58",NULL
813,"name hangers","2015-04-22 10:46:58","2015-04-22 10:46:58",NULL
814,"ring box","2015-04-22 10:46:58","2015-04-22 10:46:58",NULL
815,"Gift  favors","2015-04-22 10:46:58","2015-04-22 10:46:58",NULL
816,"wedding favors","2015-04-22 10:46:58","2015-04-22 10:46:58",NULL
817,"wedding gift","2015-04-22 10:46:58","2015-04-22 10:46:58",NULL
818,"creative","2015-04-22 10:46:58","2015-04-22 10:46:58",NULL
819,"24 hours before","2015-04-22 11:39:07","2015-04-22 11:39:07",NULL
820,"before the wedding","2015-04-22 11:39:07","2015-04-22 11:39:07",NULL
821,"wedding day","2015-04-22 11:39:07","2015-04-22 11:39:07",NULL
822,"getting ready","2015-04-22 11:39:07","2015-04-22 11:39:07",NULL
823,"sexy","2015-04-23 03:00:41","2015-04-23 03:00:41",NULL
824,"sensual","2015-04-23 03:00:41","2015-04-23 03:00:41",NULL
825,"long sleeved dress","2015-04-23 03:00:41","2015-04-23 03:00:41",NULL
826,"berta","2015-04-23 03:00:41","2015-04-23 03:00:41",NULL
827,"white wedding dress","2015-04-23 04:39:07","2015-04-23 04:39:07",NULL
828,"ritual","2015-04-23 06:54:48","2015-04-23 06:54:48",NULL
829,"sacred","2015-04-23 06:54:48","2015-04-23 06:54:48",NULL
830,"emotional","2015-04-23 06:54:48","2015-04-23 06:54:48",NULL
831,"beyonce","2015-04-23 07:40:52","2015-04-23 07:40:52",NULL
832,"beyonce knowles","2015-04-23 07:40:52","2015-04-23 07:40:52",NULL
833,"tina knowles","2015-04-23 07:40:52","2015-04-23 07:40:52",NULL
834,"romona keveza","2015-04-23 07:40:52","2015-04-23 07:40:52",NULL
835,"jay z","2015-04-23 07:40:52","2015-04-23 07:40:52",NULL
836,"soalnge knowles","2015-04-23 07:40:52","2015-04-23 07:40:52",NULL
837,"blue ivy","2015-04-23 07:40:52","2015-04-23 07:40:52",NULL
838,"food","2015-04-23 09:28:08","2015-04-23 09:28:08",NULL
839,"small bites","2015-04-23 09:28:08","2015-04-23 09:28:08",NULL
840,"snack","2015-04-23 09:28:09","2015-04-23 09:28:09",NULL
841,"beverage","2015-04-23 09:28:09","2015-04-23 09:28:09",NULL
842,"menu","2015-04-23 09:28:09","2015-04-23 09:28:09",NULL
843,"wedding menu","2015-04-23 09:28:09","2015-04-23 09:28:09",NULL
844,"cakes","2015-04-23 09:28:09","2015-04-23 09:28:09",NULL
845,"wedding drone","2015-04-23 09:37:29","2015-04-23 09:37:29",NULL
846,"aerial photography","2015-04-23 09:37:29","2015-04-23 09:37:29",NULL
847,"drone","2015-04-23 09:37:29","2015-04-23 09:37:29",NULL
848,"drone photo","2015-04-23 09:37:29","2015-04-23 09:37:29",NULL
849,"gopro camera","2015-04-23 09:37:29","2015-04-23 09:37:29",NULL
850,"camera","2015-04-23 09:37:29","2015-04-23 09:37:29",NULL
851,"flying","2015-04-23 09:37:29","2015-04-23 09:37:29",NULL
852,"above","2015-04-23 09:37:29","2015-04-23 09:37:29",NULL
853,"from the top","2015-04-23 09:37:29","2015-04-23 09:37:29",NULL
854,"photographer","2015-04-27 04:41:28","2015-04-27 04:41:28",NULL
855,"kanye west","2015-04-27 05:14:54","2015-04-27 05:14:54",NULL
856,"olympia le tan","2015-04-27 05:14:54","2015-04-27 05:14:54",NULL
857,"clutch bag","2015-04-27 05:14:54","2015-04-27 05:14:54",NULL
858,"narciso rodriguez","2015-04-27 05:14:54","2015-04-27 05:14:54",NULL
859,"giambatista valli","2015-04-27 05:14:54","2015-04-27 05:14:54",NULL
860,"conflict","2015-04-27 06:52:02","2015-04-27 06:52:02",NULL
861,"sex ","2015-04-27 08:22:51","2015-04-27 08:22:51",NULL
862,"reality","2015-04-27 08:22:51","2015-04-27 08:22:51",NULL
863,"wedding night","2015-04-27 08:22:51","2015-04-27 08:22:51",NULL
864,"malam pertama","2015-04-27 08:22:51","2015-04-27 08:22:51",NULL
865,"Andien Wedding","2015-04-28 03:55:41","2015-04-28 03:55:41",NULL
866,"naked cake","2015-04-28 03:55:41","2015-04-28 03:55:41",NULL
867,"table setting","2015-04-28 03:55:41","2015-04-28 03:55:41",NULL
868,"table ware","2015-04-28 03:55:41","2015-04-28 03:55:41",NULL
869,"wedding stationary","2015-04-28 03:55:41","2015-04-28 03:55:41",NULL
870,"family finance","2015-04-28 04:01:35","2015-04-28 04:01:35",NULL
871,"princess wedding","2015-04-28 04:05:53","2015-04-28 04:05:53",NULL
872,"kate middleton ","2015-04-28 04:05:53","2015-04-28 04:05:53",NULL
873,"royal anniversary","2015-04-28 04:05:53","2015-04-28 04:05:53",NULL
874,"wedding anniversary","2015-04-28 04:05:53","2015-04-28 04:05:53",NULL
875,"dreamy wedding pictures","2015-04-28 07:36:46","2015-04-28 07:36:46",NULL
876,"wedding photographer","2015-04-28 07:36:46","2015-04-28 07:36:46",NULL
877,"groom suit","2015-04-28 07:36:46","2015-04-28 07:36:46",NULL
878,"vendor","2015-04-29 02:34:37","2015-04-29 02:34:37",NULL
879,"stationary","2015-04-29 02:34:38","2015-04-29 02:34:38",NULL
880,"outdoor prewedding","2015-04-29 04:08:50","2015-04-29 04:08:50",NULL
881,"beach prewedding ","2015-04-29 04:08:50","2015-04-29 04:08:50",NULL
882,"nature prewedding","2015-04-29 04:08:50","2015-04-29 04:08:50",NULL
883,"springworks","2015-04-29 04:08:50","2015-04-29 04:08:50",NULL
884,"casual prewedding","2015-04-29 04:08:50","2015-04-29 04:08:50",NULL
885,"formal prewedding","2015-04-29 04:08:50","2015-04-29 04:08:50",NULL
886,"digital","2015-04-29 06:56:32","2015-04-29 06:56:32",NULL
887,"digital invitation","2015-04-29 06:56:32","2015-04-29 06:56:32",NULL
888,"technology","2015-04-29 06:56:32","2015-04-29 06:56:32",NULL
889,"hightech","2015-04-29 06:56:32","2015-04-29 06:56:32",NULL
890,"smartphone","2015-04-29 06:56:32","2015-04-29 06:56:32",NULL
891,"bride ","2015-04-29 06:57:45","2015-04-29 06:57:45",NULL
892,"wedding look ","2015-04-29 06:57:45","2015-04-29 06:57:45",NULL
893,"wedding reception","2015-04-29 10:22:32","2015-04-29 10:22:32",NULL
894,"terralogical white wedding dress","2015-04-29 10:22:32","2015-04-29 10:22:32",NULL
895,"pastel invitation","2015-04-29 10:22:32","2015-04-29 10:22:32",NULL
896,"first look","2015-04-29 10:22:32","2015-04-29 10:22:32",NULL
897,"styled shoot","2015-04-29 10:40:36","2015-04-29 10:40:36",NULL
898,"wedding bouwuet","2015-04-29 10:40:36","2015-04-29 10:40:36",NULL
899,"sex myths","2015-04-30 02:47:59","2015-04-30 02:47:59",NULL
900,"trust","2015-04-30 02:50:37","2015-04-30 02:50:37",NULL
901,"pacific northwest wedding","2015-04-30 04:12:32","2015-04-30 04:12:32",NULL
902,"burgundy wedding","2015-04-30 04:12:33","2015-04-30 04:12:33",NULL
903,"green wedding","2015-04-30 04:12:33","2015-04-30 04:12:33",NULL
904,"sweet couple","2015-04-30 04:12:33","2015-04-30 04:12:33",NULL
905,"maldives ","2015-04-30 07:02:33","2015-04-30 07:02:33",NULL
906,"maldives honeymoon","2015-04-30 07:02:33","2015-04-30 07:02:33",NULL
907,"sky","2015-04-30 07:02:33","2015-04-30 07:02:33",NULL
908,"weddign dress","2015-04-30 07:10:58","2015-04-30 07:10:58",NULL
909,"sonam kapoor","2015-04-30 07:10:58","2015-04-30 07:10:58",NULL
910,"flowers and beyond","2015-04-30 07:22:27","2015-04-30 07:22:27",NULL
911,"orchid","2015-04-30 07:22:27","2015-04-30 07:22:27",NULL
912,"rustic bouquet","2015-04-30 07:22:27","2015-04-30 07:22:27",NULL
913,"white flower bouquet","2015-04-30 07:22:27","2015-04-30 07:22:27",NULL
914,"andien ippe","2015-04-30 07:31:00","2015-04-30 07:31:00",NULL
915,"andien prewedding","2015-04-30 07:31:00","2015-04-30 07:31:00",NULL
916,"andien ippe prewedding","2015-04-30 07:31:00","2015-04-30 07:31:00",NULL
917,"notable prewedding","2015-04-30 07:31:00","2015-04-30 07:31:00",NULL
918,"japanese wedding","2015-04-30 07:45:22","2015-04-30 07:45:22",NULL
919,"japan themed wedding","2015-04-30 07:45:22","2015-04-30 07:45:22",NULL
920,"mullet dress","2015-04-30 09:28:33","2015-04-30 09:28:33",NULL
921,"jewish","2015-04-30 09:34:33","2015-04-30 09:34:33",NULL
922,"destination prewedding","2015-05-04 06:27:25","2015-05-04 06:27:25",NULL
923,"south africa","2015-05-04 06:27:25","2015-05-04 06:27:25",NULL
924,"south african safari","2015-05-04 06:27:25","2015-05-04 06:27:25",NULL
925,"met gala","2015-05-05 04:03:29","2015-05-05 04:03:29",NULL
926,"met gala 2015","2015-05-05 04:03:29","2015-05-05 04:03:29",NULL
927,"balenciaga","2015-05-05 04:03:29","2015-05-05 04:03:29",NULL
928,"marchesa","2015-05-05 04:03:29","2015-05-05 04:03:29",NULL
929,"givenchy","2015-05-05 04:03:29","2015-05-05 04:03:29",NULL
930,"roberto cavalli","2015-05-05 04:03:29","2015-05-05 04:03:29",NULL
931,"carolina herrera","2015-05-05 04:03:29","2015-05-05 04:03:29",NULL
932,"tory burch","2015-05-05 04:03:29","2015-05-05 04:03:29",NULL
933,"ruffles","2015-05-05 04:03:29","2015-05-05 04:03:29",NULL
934,"one shoulder","2015-05-05 04:03:29","2015-05-05 04:03:29",NULL
935,"the edge","2015-05-05 05:01:05","2015-05-05 05:01:05",NULL
936,"wedding dinner","2015-05-05 05:01:05","2015-05-05 05:01:05",NULL
937,"diamon ring","2015-05-05 05:01:05","2015-05-05 05:01:05",NULL
938,"date","2015-05-05 05:49:46","2015-05-05 05:49:46",NULL
939,"date night","2015-05-05 05:49:46","2015-05-05 05:49:46",NULL
940,"date idea","2015-05-05 05:49:46","2015-05-05 05:49:46",NULL
941,"fun idea","2015-05-05 05:49:46","2015-05-05 05:49:46",NULL
942,"sex life","2015-05-05 05:52:00","2015-05-05 05:52:00",NULL
943,"household","2015-05-05 05:54:58","2015-05-05 05:54:58",NULL
944,"chores","2015-05-05 05:54:58","2015-05-05 05:54:58",NULL
945,"bali weddng","2015-05-05 07:24:26","2015-05-05 07:24:26",NULL
946,"ocean view","2015-05-05 07:24:26","2015-05-05 07:24:26",NULL
947,"travel themed wedding","2015-05-05 08:58:13","2015-05-05 08:58:13",NULL
948,"wedding decor ","2015-05-05 08:58:13","2015-05-05 08:58:13",NULL
949,"escort cards","2015-05-05 08:58:13","2015-05-05 08:58:13",NULL
950,"sweet treats","2015-05-05 08:58:13","2015-05-05 08:58:13",NULL
951,"desert table","2015-05-05 08:58:13","2015-05-05 08:58:13",NULL
952,"luggage tag","2015-05-05 08:58:13","2015-05-05 08:58:13",NULL
953,"save the date","2015-05-05 08:58:13","2015-05-05 08:58:13",NULL
954,"wedding centerpiecesw","2015-05-05 08:58:13","2015-05-05 08:58:13",NULL
955,"prewedding video","2015-05-06 06:19:16","2015-05-06 06:19:16",NULL
956,"save the daye","2015-05-06 06:19:16","2015-05-06 06:19:16",NULL
957,"save the date video","2015-05-06 06:19:17","2015-05-06 06:19:17",NULL
958,"ygp films","2015-05-06 06:19:17","2015-05-06 06:19:17",NULL
959,"calligraphy","2015-05-06 06:28:40","2015-05-06 06:28:40",NULL
960,"wedding calligraphy","2015-05-06 06:28:40","2015-05-06 06:28:40",NULL
961,"creative invitation design","2015-05-06 06:28:40","2015-05-06 06:28:40",NULL
962,"calligraphy invitation","2015-05-06 06:28:40","2015-05-06 06:28:40",NULL
963,"invitation calligraphy","2015-05-06 06:28:40","2015-05-06 06:28:40",NULL
964,"wedding gifts","2015-05-06 06:56:52","2015-05-06 06:56:52",NULL
965,"edible favors","2015-05-06 06:56:52","2015-05-06 06:56:52",NULL
966,"tea favor","2015-05-06 06:56:52","2015-05-06 06:56:52",NULL
967,"cookie favor","2015-05-06 06:56:52","2015-05-06 06:56:52",NULL
968,"coffee favor","2015-05-06 06:56:52","2015-05-06 06:56:52",NULL
969,"travel ideas","2015-05-07 04:18:46","2015-05-07 04:18:46",NULL
970,"sunscreen","2015-05-07 04:18:46","2015-05-07 04:18:46",NULL
971,"honeymoon ideas","2015-05-07 04:33:27","2015-05-07 04:33:27",NULL
972,"wine tasting","2015-05-07 04:33:27","2015-05-07 04:33:27",NULL
973,"wine","2015-05-07 04:33:27","2015-05-07 04:33:27",NULL
974,"wedding guest book","2015-05-07 04:49:51","2015-05-07 04:49:51",NULL
975,"weddingidea","2015-05-07 04:49:51","2015-05-07 04:49:51",NULL
976,"sex talk","2015-05-07 08:17:28","2015-05-07 08:17:28",NULL
977,"sex article","2015-05-07 08:17:28","2015-05-07 08:17:28",NULL
978,"love language","2015-05-07 08:25:50","2015-05-07 08:25:50",NULL
979,"honeymoon idea","2015-05-07 08:35:23","2015-05-07 08:35:23",NULL
980,"cruise idea","2015-05-07 08:35:23","2015-05-07 08:35:23",NULL
981,"cruise ship honeymoon","2015-05-07 08:35:23","2015-05-07 08:35:23",NULL
982,"kids corner","2015-05-07 08:45:48","2015-05-07 08:45:48",NULL
983,"kids corner wedding","2015-05-07 08:45:48","2015-05-07 08:45:48",NULL
984,"honeymoon sites","2015-05-08 03:47:30","2015-05-08 03:47:30",NULL
985,"honeymoon destination ","2015-05-08 03:47:30","2015-05-08 03:47:30",NULL
986,"iceland","2015-05-08 03:47:30","2015-05-08 03:47:30",NULL
987,"iceland honeymoon","2015-05-08 03:47:30","2015-05-08 03:47:30",NULL
988,"honeymoon tips","2015-05-08 03:55:09","2015-05-08 03:55:09",NULL
989,"travel tips","2015-05-08 03:55:09","2015-05-08 03:55:09",NULL
990,"Bali","2015-05-08 06:34:38","2015-05-08 06:34:38",NULL
991,"mothers dau","2015-05-08 06:56:03","2015-05-08 06:56:03",NULL
992,"mothers dayy","2015-05-08 06:56:03","2015-05-08 06:56:03",NULL
993,"mothers day","2015-05-08 06:56:03","2015-05-08 06:56:03",NULL
994,"bride and mothers","2015-05-08 06:56:03","2015-05-08 06:56:03",NULL
995,"mother of the bride","2015-05-08 09:27:38","2015-05-08 09:27:38",NULL
996,"lakeside engagement shoot","2015-05-08 09:38:07","2015-05-08 09:38:07",NULL
997,"engagement shoot photographer","2015-05-08 09:38:07","2015-05-08 09:38:07",NULL
998,"wilderness","2015-05-08 09:40:58","2015-05-08 09:40:58",NULL
999,"outdoor engagement session","2015-05-08 09:40:58","2015-05-08 09:40:58",NULL
1000,"kebaya couture","2015-05-11 08:31:48","2015-05-11 08:31:48",NULL
1001,"tanjun gbenoa","2015-05-11 08:58:08","2015-05-11 08:58:08",NULL
1002,"travel wedding","2015-05-11 08:58:08","2015-05-11 08:58:08",NULL
1003,"navy bridesmaid dresses","2015-05-11 08:58:08","2015-05-11 08:58:08",NULL
1004,"sydney wedding","2015-05-11 09:55:46","2015-05-11 09:55:46",NULL
1005,"australian wedding","2015-05-11 09:55:46","2015-05-11 09:55:46",NULL
1006,"white wedding decoration","2015-05-11 09:55:47","2015-05-11 09:55:47",NULL
1007,"bridesmaid dresses","2015-05-11 09:55:47","2015-05-11 09:55:47",NULL
1008,"luxurious wedding","2015-05-11 09:55:47","2015-05-11 09:55:47",NULL
1009,"steven Khalil","2015-05-11 09:55:47","2015-05-11 09:55:47",NULL
1010,"merras","2015-05-12 02:16:47","2015-05-12 02:16:47",NULL
1011,"tanjung benoa ","2015-05-12 02:24:27","2015-05-12 02:24:27",NULL
1012,"lotus decoration","2015-05-12 07:40:06","2015-05-12 07:40:06",NULL
1013,"rustic decoration ","2015-05-12 07:40:06","2015-05-12 07:40:06",NULL
1014,"elegant wedding decoration","2015-05-12 07:40:06","2015-05-12 07:40:06",NULL
1015,"glamorous wedding decoration","2015-05-12 07:40:06","2015-05-12 07:40:06",NULL
1016,"honeymoon spots","2015-05-12 08:08:59","2015-05-12 08:08:59",NULL
1017,"honeymoon indonesia","2015-05-12 08:08:59","2015-05-12 08:08:59",NULL
1018,"enak","2015-05-13 08:21:53","2015-05-13 08:21:53",NULL
1019,"andi keren","2015-05-25 11:03:26","2015-05-25 11:03:26",NULL
1020,"andi tampan","2015-05-25 11:07:19","2015-05-25 11:07:19",NULL
1021,"andi nugroho","2015-05-25 11:07:19","2015-05-25 11:07:19",NULL
1022,"yang sebelum ini salah","2015-05-25 11:13:48","2015-05-25 11:13:48",NULL
1023,"digdaya yang ganteng","2015-05-25 11:13:48","2015-05-25 11:13:48",NULL
1024,"ganteng dewe","2015-05-27 11:35:31","2015-05-27 11:35:31",NULL
1025,"Twogirlsonecup","2015-05-27 11:37:18","2015-05-27 11:37:18",NULL
1026," thejarstory","2015-05-27 11:37:18","2015-05-27 11:37:18",NULL
1027," boobs","2015-05-27 11:37:18","2015-05-27 11:37:18",NULL
1028,"trdert","2015-05-29 07:12:23","2015-05-29 07:12:23",NULL
1029,"wggw","2015-06-10 10:05:39","2015-06-10 10:05:39",NULL
1030,"wggwegw","2015-06-10 10:05:39","2015-06-10 10:05:39",NULL
1031,"qwqwdqwdq","2015-06-10 10:05:39","2015-06-10 10:05:39",NULL
1032,"gowns","2015-06-15 05:28:08","2015-06-15 05:28:08",NULL
1033,"brokoli","2015-06-16 05:43:07","2015-06-16 05:43:07",NULL
1034,"bridal week","2015-06-16 15:55:24","2015-06-16 15:55:24",NULL
1035,"fall 2015","2015-06-16 15:55:24","2015-06-16 15:55:24",NULL
1036,"braids","2015-06-16 15:55:24","2015-06-16 15:55:24",NULL
1037,"cake topper","2015-06-17 02:53:24","2015-06-17 02:53:24",NULL
1038,"carnival","2015-06-17 02:53:24","2015-06-17 02:53:24",NULL
1039,"tiered","2015-06-17 02:53:24","2015-06-17 02:53:24",NULL
1040,"vineyard","2015-06-18 09:28:37","2015-06-18 09:28:37",NULL
1041,"melbourne","2015-06-18 09:28:37","2015-06-18 09:28:37",NULL
1042,"summer","2015-06-18 09:28:38","2015-06-18 09:28:38",NULL
1043,"tags","2015-06-19 04:30:57","2015-06-19 04:30:57",NULL
1044,"sydneyprewedding","2015-06-19 04:32:48","2015-06-19 04:32:48",NULL
1045,"chantilly","2015-06-19 05:08:55","2015-06-19 05:08:55",NULL
1046,"lace","2015-06-19 05:08:55","2015-06-19 05:08:55",NULL
1047,"mermaid","2015-06-19 05:08:55","2015-06-19 05:08:55",NULL
1048,"tulle","2015-06-19 05:08:55","2015-06-19 05:08:55",NULL
1049,"sheath","2015-06-19 05:08:55","2015-06-19 05:08:55",NULL
1050,"silk","2015-06-19 05:08:55","2015-06-19 05:08:55",NULL
1051,"rustic","2015-06-19 05:30:37","2015-06-19 05:30:37",NULL
1052,"vintage","2015-06-19 05:30:37","2015-06-19 05:30:37",NULL
1053,"country","2015-06-19 05:30:37","2015-06-19 05:30:37",NULL
1054,"Choy","2015-06-19 05:30:38","2015-06-19 05:30:38",NULL
1055,"MTV","2015-06-19 05:30:38","2015-06-19 05:30:38",NULL
1056,"new south wales","2015-06-19 05:30:38","2015-06-19 05:30:38",NULL
1057,"francis cheong","2015-06-19 05:30:38","2015-06-19 05:30:38",NULL
1058,"beach","2015-06-19 05:57:04","2015-06-19 05:57:04",NULL
1059,"sunset","2015-06-19 05:57:04","2015-06-19 05:57:04",NULL
1060,"resort","2015-06-19 05:57:04","2015-06-19 05:57:04",NULL
1061,"test tagging","2015-06-19 06:04:11","2015-06-19 06:04:11",NULL
1062,"contest","2015-06-19 07:03:57","2015-06-19 07:03:57",NULL
1063,"diamante","2015-06-19 08:07:31","2015-06-19 08:07:31",NULL
1064,"filigree","2015-06-19 08:07:31","2015-06-19 08:07:31",NULL
1065,"floral","2015-06-19 08:07:31","2015-06-19 08:07:31",NULL
1066,"holiday","2015-06-19 09:44:21","2015-06-19 09:44:21",NULL
1067,"vivocity","2015-06-22 01:28:52","2015-06-22 01:28:52",NULL
1068,"jfiejiejfief","2015-07-10 03:57:56","2015-07-10 03:57:56",NULL
1069,"Vendor Singapore from Indonesia","2015-08-07 06:44:19","2015-08-07 06:44:19",NULL
1070,"vendor singapore from singapore","2015-08-07 13:10:15","2015-08-07 13:10:15",NULL
1071,"unpublished vendor singapore","2015-08-10 11:31:43","2015-08-10 11:31:43",NULL
1072,"bokok","2015-08-11 08:52:40","2015-08-11 08:52:40",NULL
1073,"d3d","2015-08-11 10:24:09","2015-08-11 10:24:09",NULL
1074,"Sakti","2015-08-12 07:18:22","2015-08-12 07:18:22",NULL
1075,"ataqie","2015-08-14 03:41:37","2015-08-14 03:41:37",NULL
1076,"dsa","2015-08-21 09:40:25","2015-08-21 09:40:25",NULL
1077,"Pulo Samosir","2015-08-24 04:11:00","2015-08-24 04:11:00",NULL
1078,"das","2015-08-24 04:15:01","2015-08-24 04:15:01",NULL
1079,"adfas","2015-08-25 06:40:32","2015-08-25 06:40:32",NULL
1080,"haha","2015-08-27 06:09:25","2015-08-27 06:09:25",NULL
1081,"wokeh","2015-08-27 07:05:48","2015-08-27 07:05:48",NULL
1082,"dsadsa","2015-08-27 10:44:34","2015-08-27 10:44:34",NULL
1083,"re","2015-08-28 02:38:15","2015-08-28 02:38:15",NULL
1084,"abc","2015-08-31 01:16:02","2015-08-31 01:16:02",NULL
1085,"dasd","2015-08-31 02:43:28","2015-08-31 02:43:28",NULL
1086,"dsadas","2015-08-31 02:51:51","2015-08-31 02:51:51",NULL
1087,"","2015-09-02 09:14:26","2015-09-02 09:14:26",NULL
1088,"ushfud","2015-09-15 08:58:46","2015-09-15 08:58:46",NULL
1089,"Handsome","2015-09-17 02:47:50","2015-09-17 02:47:50",NULL
1090,"Beauty Handsome","2015-09-17 03:51:10","2015-09-17 03:51:10",NULL
1091,"asada","2015-09-17 10:48:14","2015-09-17 10:48:14",NULL
1092,"singaporetags","2015-09-18 02:45:35","2015-09-18 02:45:35",NULL
1093,"From bestfriend to couple","2015-09-25 07:15:38","2015-09-25 07:15:38",NULL
1094,"bro","2015-10-02 10:52:51","2015-10-02 10:52:51",NULL
1095," sis","2015-10-02 10:52:51","2015-10-02 10:52:51",NULL
1096,"FSDFSD","2015-10-06 03:41:13","2015-10-06 03:41:13",NULL
1097,"fsdfsfdfdsfds","2015-10-07 04:56:42","2015-10-07 04:56:42",NULL
1098,"test by qa","2015-10-12 06:24:48","2015-10-12 06:24:48",NULL
1099,"All","2015-10-13 02:55:44","2015-10-13 02:55:44",NULL
1100,"dfgdfg","2015-10-13 03:40:57","2015-10-13 03:40:57",NULL
1101,"f","2015-10-13 03:42:43","2015-10-13 03:42:43",NULL
1102," Romantic","2015-10-13 04:19:45","2015-10-13 04:19:45",NULL
1103,"bridestory","2015-11-05 04:33:37","2015-11-05 04:33:37",NULL
1104,"wedding","2015-11-05 04:33:37","2015-11-05 04:33:37",NULL
1105,"ceremonial","2015-11-05 04:33:37","2015-11-05 04:33:37",NULL
1106,"pernikahan dini","2015-11-05 05:55:33","2015-11-05 05:55:33",NULL
1107,"tesss","2015-11-05 06:01:46","2015-11-05 06:01:46",NULL
1108,"batman","2015-11-05 09:05:02","2015-11-05 09:05:02",NULL
1109,"superman","2015-11-05 09:05:02","2015-11-05 09:05:02",NULL
1110,"wanderlust","2015-11-06 03:09:10","2015-11-06 03:09:10",NULL
1111,"Instagram","2015-11-07 17:12:45","2015-11-07 17:12:45",NULL
1112,"Instagram for business","2015-11-07 17:12:45","2015-11-07 17:12:45",NULL
1113,"Marketing tips","2015-11-07 17:12:45","2015-11-07 17:12:45",NULL
1114,"Social media for business","2015-11-07 17:12:45","2015-11-07 17:12:45",NULL
1115,"Business tips","2015-11-07 17:12:45","2015-11-07 17:12:45",NULL
1116,"Bridestory Platform","2015-11-07 17:30:58","2015-11-07 17:30:58",NULL
1117,"Pricelist update","2015-11-07 17:30:58","2015-11-07 17:30:58",NULL
1118,"Pricelist","2015-11-07 17:30:58","2015-11-07 17:30:58",NULL
1119,"Tips","2015-11-07 17:30:58","2015-11-07 17:30:58",NULL
1120,"Platform Insider","2015-11-07 17:30:58","2015-11-07 17:30:58",NULL
1121,"ootd","2015-11-09 04:02:10","2015-11-09 04:02:10",NULL
1122,"blog","2015-11-09 04:10:31","2015-11-09 04:10:31",NULL
1123,"monday","2015-11-09 04:58:32","2015-11-09 04:58:32",NULL
1124,"bag","2015-11-09 05:15:15","2015-11-09 05:15:15",NULL
1125,"Price list","2015-11-09 06:06:32","2015-11-09 06:06:32",NULL
1126,"Price list update","2015-11-09 06:06:32","2015-11-09 06:06:32",NULL
1127,"Bridestory for Business","2015-11-09 06:06:32","2015-11-09 06:06:32",NULL
1128,"Business Blog","2015-11-09 06:06:32","2015-11-09 06:06:32",NULL
1129,"Review","2015-11-09 06:18:20","2015-11-09 06:18:20",NULL
1130,"Negative review","2015-11-09 06:18:20","2015-11-09 06:18:20",NULL
1131,"Client relations","2015-11-09 06:18:20","2015-11-09 06:18:20",NULL
1132,"Client relations tips","2015-11-09 06:18:20","2015-11-09 06:18:20",NULL
1133,"Life","2015-11-09 06:42:20","2015-11-09 06:42:20",NULL
1134,"Request for review","2015-11-09 06:54:29","2015-11-09 06:54:29",NULL
1135,"Leads","2015-11-09 07:12:13","2015-11-09 07:12:13",NULL
1136,"Booking","2015-11-09 07:12:13","2015-11-09 07:12:13",NULL
1137,"Social media","2015-11-09 07:24:45","2015-11-09 07:24:45",NULL
1138,"Effective marketing","2015-11-09 07:24:45","2015-11-09 07:24:45",NULL
1139,"branding","2015-11-09 07:34:37","2015-11-09 07:34:37",NULL
1140,"Wedding trend","2015-11-09 09:58:57","2015-11-09 09:58:57",NULL
1141,"Bogor","2015-11-23 06:10:57","2015-11-23 06:10:57",NULL
1142," Simple","2015-11-23 06:10:57","2015-11-23 06:10:57",NULL
1143," Nature","2015-11-23 06:10:58","2015-11-23 06:10:58",NULL
1144,"green","2015-11-23 06:18:46","2015-11-23 06:18:46",NULL
1145,"white","2015-11-23 06:18:46","2015-11-23 06:18:46",NULL
1146,"Bandung","2015-11-23 06:58:24","2015-11-23 06:58:24",NULL
1147," Surabaya","2015-11-23 06:58:24","2015-11-23 06:58:24",NULL
1148,"asdasd","2015-11-23 09:14:44","2015-11-23 09:14:44",NULL
1149,"desember ","2015-12-01 09:44:35","2015-12-01 09:44:35",NULL
1150,"lavine dress","2015-12-04 03:51:42","2015-12-04 03:51:42",NULL
1151," Vendor","2015-12-08 06:50:56","2015-12-08 06:50:56",NULL
1152,"Entertainment","2015-12-08 06:50:57","2015-12-08 06:50:57",NULL
1153,"Lombok","2015-12-11 08:48:37","2015-12-11 08:48:37",NULL
1155,"Latest trend","2015-12-17 07:54:49","2015-12-17 07:54:49",NULL
1156," bride","2016-01-26 08:16:25","2016-01-26 08:16:25",NULL
1157," groom","2016-01-26 08:16:25","2016-01-26 08:16:25",NULL
1158," outdoor","2016-01-26 08:16:25","2016-01-26 08:16:25",NULL
1159," valley","2016-01-26 08:16:25","2016-01-26 08:16:25",NULL
1160," malang","2016-01-26 08:16:25","2016-01-26 08:16:25",NULL
